date,note
03/01/2023,Voolia
09/06/2022,Twitterbeat
17/03/2023,Tambee
26/03/2023,Voonte
02/03/2023,Jabbercube
05/02/2023,Meeveo
11/12/2022,Dynabox
17/05/2022,Jaxnation
02/09/2022,Brainsphere
16/05/2022,Bubblebox
06/10/2022,Vinte
07/07/2022,Brainlounge
30/01/2023,Aimbo
16/04/2023,Thoughtsphere
07/07/2022,Lazzy
30/09/2022,Tanoodle
25/10/2022,Topdrive
08/02/2023,Linkbridge
08/11/2022,Roomm
05/10/2022,Jaxspan
08/06/2022,Centidel
01/07/2022,Realcube
14/05/2022,Innojam
24/01/2023,Edgeblab
06/01/2023,Dynava
10/01/2023,Oyoyo
11/04/2023,Linkbridge
04/02/2023,Kare
17/05/2022,Meembee
15/01/2023,Leexo
13/01/2023,Photobug
26/10/2022,Oloo
15/03/2023,Fatz
23/10/2022,Gabtype
01/12/2022,Youbridge
09/06/2022,Trudeo
03/06/2022,Kamba
10/12/2022,Tagpad
19/11/2022,Realblab
08/08/2022,Demivee
09/07/2022,Fivebridge
23/09/2022,Dabfeed
19/03/2023,Einti
15/03/2023,Flashdog
28/07/2022,Rhynyx
20/02/2023,Abata
19/07/2022,Myworks
20/12/2022,Yoveo
09/10/2022,Livefish
22/09/2022,Zazio
12/04/2023,Livetube
20/03/2023,Mynte
27/08/2022,Oyondu
25/11/2022,Meembee
06/01/2023,Zooxo
06/08/2022,Zoozzy
30/06/2022,Dynazzy
26/10/2022,Edgewire
01/08/2022,Twinte
24/10/2022,Dazzlesphere
21/10/2022,Topicware
12/05/2022,Wordify
11/07/2022,Viva
22/05/2022,Wikivu
18/03/2023,Thoughtstorm
13/01/2023,Babbleset
03/08/2022,Tagchat
06/05/2023,Cogidoo
18/05/2022,Trilith
08/09/2022,Plajo
19/11/2022,Aimbu
29/03/2023,Skiba
09/07/2022,Youtags
23/01/2023,Twitterwire
06/11/2022,Shufflester
03/09/2022,Nlounge
16/04/2023,Jamia
23/02/2023,Blognation
14/06/2022,Pixoboo
04/02/2023,Bluejam
