pesel,first_name,last_name,address,birth
63674933681,Helena,Lambole,462 Burning Wood Junction,09/10/1999
74826760458,Alvira,Bramhill,,18/05/1988
61641768468,Raleigh,Tarbatt,7 Moland Place,25/01/2003
93048021237,Kimmie,Owbridge,,19/03/2001
41326540263,Elisabetta,Fashion,07427 Dakota Lane,28/09/1959
26701715795,Ulrick,McGinty,,18/05/2010
29627391607,Gabriel,Vlasenkov,,28/05/1998
46168789582,Prudy,Cundy,1 Hanover Crossing,28/07/1987
83278960950,Jens,Fluger,905 Oak Trail,30/11/1961
61421211406,Gwendolyn,Wakelam,2 Lakewood Gardens Pass,06/04/1960
55218634864,Beryle,Gilliam,8133 Golf View Way,28/12/1993
39163232194,Heywood,Janjusevic,86513 Arkansas Drive,03/02/2008
60546901091,Javier,Heino,610 Anzinger Road,23/04/1987
59232315907,Brita,Ovens,1740 Birchwood Hill,16/06/1975
42093891914,Erick,Gentsch,64937 Russell Place,16/04/1999
58166244397,Rhodie,Peers,7915 Lunder Road,06/02/1981
46626674083,Vite,McCanny,313 Milwaukee Hill,13/05/2002
41022235547,Conni,Follis,2436 North Circle,12/02/1978
84969615517,Marketa,Moxted,,29/06/1993
78985046375,Jeannine,Fudger,706 Mayfield Alley,29/01/1981
94174382210,Brana,Brennen,619 Spohn Circle,26/09/1999
14486675653,Marybelle,Braghini,,20/03/2005
30233153944,Alain,Twitching,,15/01/1997
89745590694,Quillan,Curdell,7 Forster Drive,02/11/1955
33843231589,Wood,Schenkel,,10/01/1967
25849874514,Perry,Ivery,042 Warner Center,16/02/1994
94033744453,Cleve,Ventura,5 Debs Terrace,16/04/1970
74861629742,Ashton,Churches,81 South Avenue,17/10/1976
99175805178,Viviana,Stein,,16/12/1962
65468906879,Nat,Ridsdell,9 Laurel Parkway,15/02/1975
73034734581,Lorenzo,Goligher,,20/04/1977
68722548373,Maire,La Croce,32887 Everett Avenue,02/10/2004
55802590341,Nance,Pavolillo,48 Shopko Alley,30/04/2006
98035190032,Mab,Guiness,8 Gulseth Place,18/07/1962
39440849526,Tymon,Wrigley,0358 Manitowish Street,27/10/1992
64113732376,Sanson,Moakson,2 Vermont Hill,13/10/1978
10527471844,Ingeberg,Hellyar,7 Jenifer Parkway,13/10/1954
16118538396,Florry,Barbery,,08/02/1975
57449724322,Glen,Parsisson,238 Rigney Parkway,28/08/1975
55199971807,Timmie,Kedie,5 Vernon Lane,25/08/2002
51951046883,Rhodia,Darree,18373 Wayridge Crossing,25/05/1963
11400715404,Marylin,Gouley,39 Debs Center,03/11/1958
95994391634,Cherlyn,Norker,,17/02/1989
86819768538,Sena,Merryfield,46468 East Court,06/07/2008
90164355100,Doug,Brownell,,22/10/2005
76291433955,Tymothy,Klimkovich,8425 Jay Park,04/12/2000
71595034643,Bettina,Romanelli,4569 Fisk Circle,11/05/1968
59679760727,Fleur,Watson,0 Bay Point,04/06/1997
36140262686,Tess,Eilhart,0826 Del Mar Alley,07/04/1954
89818719736,Even,von Grollmann,00317 Burrows Trail,08/06/1955
48120778225,Livia,Yard,42098 Scofield Junction,06/11/1975
12573634415,Nevsa,Brinkman,677 Shopko Circle,24/09/1968
88164970935,Beret,Josefsohn,,29/08/1978
69198446133,Brandyn,Worsfield,8 Harbort Street,17/07/1966
55252177252,Holly,Sheddan,,07/10/1967
77320853317,Verene,McPhate,819 Melvin Park,19/08/1998
47259562409,Prentice,Sudddard,,26/05/2008
54985200242,Anica,Hatchman,41 Morrow Parkway,16/10/1955
39384713485,Bevon,Millichap,,10/08/1952
90534222272,Etti,Wynett,354 Arizona Trail,27/03/1986
94936351699,Adoree,Ardron,,20/07/1986
81560119623,Sheila-kathryn,Peron,,31/03/1983
65547793584,Zerk,Raoult,26952 Golf Course Parkway,14/07/1977
99287981295,Currie,Lambertson,2700 Bunker Hill Crossing,05/01/2008
93595684368,Zerk,Tanby,,20/06/1955
38799704740,Leora,Cockhill,937 Portage Crossing,27/08/1999
89505826750,Yardley,Fusedale,2 Carey Terrace,09/06/1953
79906581612,Shannah,Tongs,6628 Sutteridge Avenue,31/01/2000
99351132929,Brandise,Troctor,08 Emmet Avenue,13/04/1959
60074078419,Winnie,Bigby,,07/09/1972
76623583156,Evita,Tavener,0505 Golden Leaf Plaza,13/06/1951
82960582954,Goldie,Baskerville,,12/12/1988
32600006409,Everard,Egar,228 Springs Parkway,27/05/2004
84530501466,Ermanno,Meechan,,21/03/1981
42136242044,Trenna,Dorney,,03/03/1960
98711919277,Sascha,Isaq,4948 Spohn Alley,11/04/2005
15590244835,Dotty,McKeaveney,951 Heffernan Street,18/05/1980
87052644851,Dennie,Readings,02204 Upham Point,23/01/1980
35670730874,Elliot,Casseldine,8 Elka Point,26/05/1995
21735809958,Catha,Joerning,,21/07/1970
25229585939,Marcel,Moules,567 Florence Avenue,05/08/2006
30186100969,Rriocard,McEvon,4360 Cherokee Crossing,18/10/2009
13647081330,Benjy,Petrolli,54 Longview Junction,13/05/1988
96168572910,Bertram,Zimek,0228 Rieder Road,14/09/1956
69303227577,Kirbie,Ivanusyev,,23/05/1952
90525675725,Lon,Burcher,,18/11/1993
40939462007,Tatum,Fairnington,83 Macpherson Court,25/02/1980
18828514250,Cher,Saller,8477 Commercial Street,16/12/2008
60238377936,Baxter,Chark,,28/06/1971
54997057509,Wilton,Fredson,023 Cherokee Park,29/05/1974
73564276634,Terrye,de Voiels,,02/06/1985
50138916003,Ilaire,Vinck,,14/01/1976
57301734701,Demetra,Colliar,,11/05/1972
84118039542,Culver,Caltera,2260 Washington Circle,29/10/1998
86275958609,Karia,Pocklington,,22/02/1967
11106718244,Trescha,Brankley,33927 Warbler Alley,10/06/2009
95277582808,Shirley,Myott,94773 Talmadge Place,17/04/1973
10360669575,Eve,McIlvaney,4 Shelley Pass,18/11/1965
74514946239,Claudina,Thickpenny,,22/11/2003
38083409569,Olvan,Maudling,,17/02/1999
19488094749,Alanah,Seawell,4 Sutteridge Circle,28/01/1996
13690793482,Jonell,Adair,,30/04/2001
19697619101,Hyacinthie,Salasar,96104 Bartelt Drive,26/06/1954
84201563839,Tyson,Cadle,17532 Sherman Alley,24/06/2007
50059088474,Olive,Ferrey,45 Morning Place,13/07/1977
81411780377,Tedi,Springett,64 Sommers Crossing,28/03/1972
18339929345,Addia,Diggins,,10/05/1953
87863355652,Peder,Wheelwright,,09/11/1994
82979512130,Jamie,Sugden,0455 Messerschmidt Park,22/04/1974
51743556748,Jecho,Twelves,7 Hermina Place,29/11/1999
17343738058,Raff,Blencowe,82257 Anniversary Parkway,12/09/1994
73028187716,Geordie,Moors,1832 Judy Crossing,21/01/1979
63666791590,Franzen,Eles,,24/05/1969
72903270454,Glen,Benardet,5116 Paget Avenue,01/01/1996
51990204165,Harriette,Hargrove,62119 Almo Alley,20/06/1996
54267726195,Pen,Venes,6 Mitchell Terrace,30/01/1985
24115720854,Aldin,Braxay,9181 Shopko Park,10/09/1950
15145374333,Paddy,Corbridge,48461 Corry Alley,23/11/2006
44481372947,Nikolai,Beedon,,17/11/1980
76248516656,Rebe,Layus,22529 Ramsey Center,26/04/1995
48025582257,Deanna,Loftus,,17/05/1955
42342583258,Wini,Corner,5537 Bowman Plaza,02/02/1965
44823009820,Joseph,Finan,216 Florence Terrace,04/12/1993
33029774929,Boot,Backshall,987 American Avenue,07/06/1970
72804885053,Jill,Janjic,,20/05/1965
55306417837,Fianna,Ciccotti,4009 Graceland Trail,21/02/1964
16044016507,Ivie,Reade,31699 Ruskin Way,29/04/1991
31127756124,Benetta,Kitman,455 Barnett Park,15/06/1957
69855558888,Ollie,O'Leahy,,02/03/1979
28336446544,Lionello,Caswell,54021 Kensington Alley,03/11/1959
71216957339,Marquita,Epdell,,31/05/2009
84443861024,Ramonda,Coddington,99873 Colorado Park,28/06/2009
96473390839,Grantley,Canizares,112 Talisman Road,04/12/1951
89371098452,Job,Ruttgers,4739 Oakridge Terrace,05/05/1994
43916125520,Windy,Orro,75 Holy Cross Center,09/08/1999
65054234742,Ave,Najera,67290 Darwin Hill,14/12/1978
62433402440,Lexis,Barrable,,30/06/1988
29838974496,Brnaba,Cardoso,939 Pepper Wood Point,19/02/1987
93074526742,Michaeline,Phinnessy,8986 Judy Plaza,08/06/1966
63789997253,Alejandra,Pipworth,168 Kinsman Point,20/09/1954
71247008368,Martyn,Pietesch,5 Sachs Court,31/07/1985
52210980442,Gretel,Cohani,51438 Dawn Drive,25/09/1957
12451914123,Gothart,Tunniclisse,,23/12/1976
55354078972,Hetti,Bodesson,,23/03/1995
47457851668,Elijah,Stanion,,27/11/1953
63213253256,Deonne,Block,,31/05/1983
28629120981,Veda,Reeve,8963 Emmet Circle,10/04/1996
45204169139,Emmie,Drohane,,16/11/1967
94511567344,Lyn,Morford,4640 Magdeline Way,20/05/1964
24599575853,Jake,Kiddey,,14/08/2008
56954872633,Astrid,Cotta,3449 Kenwood Center,25/09/1957
42821804873,Ginger,Draxford,50624 Dawn Pass,06/07/1999
96248807154,Pamela,Winslett,8863 Ilene Terrace,22/11/1951
15089109437,Terrel,Neeves,,07/05/1998
11835884727,Sollie,Adney,8902 Maryland Point,22/02/2005
60446638048,Alvina,Nawton,68 Hovde Crossing,05/08/1990
83214655473,Emlynn,Brimman,07813 Homewood Place,29/07/1962
10315911643,Di,Meredyth,3 Valley Edge Junction,28/03/1978
25592823713,Athene,Sweynson,73 Toban Park,20/07/1982
85119545247,Tessy,Reskelly,2666 Bashford Way,01/10/1984
95132931871,Veradis,Blazejewski,100 School Junction,15/05/2002
63978677548,Issiah,Aykroyd,,02/06/2004
79227558373,Iggy,Hayden,73075 Manufacturers Parkway,29/10/1962
15029068262,Leland,Beecroft,78508 Ruskin Hill,28/12/1972
72420701267,Bennie,Seebert,,05/02/1975
28887094153,Lyle,Guly,1 Warrior Road,24/09/1987
23852348316,Cathlene,Poytheras,0 Dwight Alley,08/07/1959
29270978382,Gertruda,Aicken,1424 Veith Park,21/04/1998
57275093449,Konstance,Trewman,,24/08/1965
36837005059,Vin,Awcoate,,29/09/1958
28624338248,Pebrook,Tallent,,10/08/1963
45596955689,Roxine,Lomen,63 Cambridge Place,15/12/1959
53021674555,Verena,Ibotson,05810 Eggendart Road,11/03/1961
14007340081,Andi,Bril,1 Summit Lane,24/06/1963
81731084938,Gilligan,Struan,07147 Lien Alley,24/08/1950
11123723848,Trefor,Kilgallen,,02/03/1963
59126199606,Consolata,Beamiss,99 Bartillon Circle,02/06/1957
97952044357,Emmanuel,Ioan,09409 Prairieview Drive,03/02/1968
57171108076,Ber,Jarmaine,,11/04/1986
76927013040,Rubi,Life,50 Fulton Place,30/08/1986
55041892066,Jarrett,Gress,,27/03/1982
34203752951,Laural,Buterton,,11/01/1952
17355605594,Felice,Patrono,27 Hovde Avenue,10/04/2000
10464274057,Laraine,Shuxsmith,,12/07/2003
89555157914,Neil,Eicke,0 Saint Paul Crossing,03/04/1994
48464284931,Daisie,Stolberger,2306 Waubesa Way,23/12/1993
83330979823,Melody,Huyhton,78 Colorado Avenue,16/07/1964
91871286932,Doti,Lockett,,09/04/1955
54239616576,Travus,Stoffer,,18/11/1986
15018280713,Maryellen,Kenvin,752 Katie Junction,05/02/1955
67305146565,Ezechiel,Ancell,90 Waxwing Plaza,23/04/1963
66058240911,Caldwell,Work,268 Emmet Place,31/08/1980
48523091431,Whitney,Marling,,17/10/1957
38460796733,Corly,Doldon,,07/10/1979
22432876117,Kenneth,Ashbrook,8 Ramsey Drive,11/10/1993
34500628685,Jeno,Ruperti,24 Almo Hill,18/01/1979
53001430386,Dasha,Netherclift,66 Golf Center,03/07/1992
99974087693,Alidia,De Freyne,,07/05/1985
82866919467,Annice,Milnthorpe,23834 Knutson Street,25/09/1992
20668182195,Idell,Ghiron,891 Briar Crest Alley,22/02/1996
67149513220,Maureen,Eyre,3 Vahlen Drive,10/07/1996
20774294056,Ted,Zincke,99901 2nd Crossing,20/02/1967
23980389103,Tally,Abby,,24/11/1990
25648486230,Aleda,Weinmann,1 Heath Hill,27/11/1991
47250254641,Giordano,Murkin,,08/04/1991
95647895920,Row,Isoldi,987 Lawn Crossing,10/02/1969
77865665231,Tonnie,Tubbles,08611 Kings Park,06/06/1976
28590073976,Maggie,Halbert,58696 Maryland Drive,03/11/1993
93352044350,Elspeth,Braunton,,13/03/1973
56725178206,Viv,Antoniottii,9 Grim Park,29/03/2005
98044863720,Jeralee,Chesher,,10/08/2006
51910400342,Francisca,Beggan,,16/08/1984
72892207562,Haley,Gornall,,17/01/1955
64926838976,Cesya,Furbank,9 Melvin Circle,10/05/1976
91265321927,Yalonda,Mackro,876 Jay Crossing,01/11/1998
85999725454,Jade,Staveley,,15/10/1973
56388538066,Maddy,Woollacott,76 Harbort Terrace,21/07/1950
53616977711,Sterling,Lydden,80933 Becker Lane,17/09/1957
86880764113,Muffin,Mc Queen,9 Anniversary Court,16/02/1975
98681415828,Olivier,Presman,7282 Upham Plaza,10/05/2004
73649807112,Ferdinanda,Tabbernor,,29/06/1977
14327431865,Thelma,Hunnaball,355 Mariners Cove Lane,30/04/1978
48219004007,Tedman,Noe,8862 Charing Cross Street,21/09/1980
90439170739,Marla,Geard,464 Gulseth Trail,26/05/1993
42333370272,Reyna,Maggill'Andreis,,16/06/2003
78971830114,Karry,Poundford,845 Morning Way,02/02/1962
90205826750,Gary,Englefield,17873 Namekagon Park,10/12/1955
69775177722,Gerrie,Malone,570 Macpherson Alley,03/02/1957
87887791561,Roseanna,Niven,,25/05/1982
58702863788,Hermy,Rawlins,3 Goodland Avenue,05/02/1960
20370701573,Tammie,Wibberley,,01/09/1977
70377189409,Myrilla,Cherm,,24/01/2008
13751573213,Meggy,Brunicke,0271 Lunder Court,09/11/1988
73676809303,Ellissa,Jacquemet,,06/12/2008
98933476095,Hewie,Buttrey,12013 Holy Cross Lane,23/01/1959
37638001506,Tiffi,Andrusyak,,18/11/1992
31999548625,Con,Darrell,05100 Orin Road,26/02/1988
69223304843,Annetta,Gloster,,05/11/1955
60807153273,Cyndi,Drewe,,15/01/1964
21306076420,Sid,Patshull,2 Southridge Point,29/05/1988
10837808489,Hilda,Duce,96246 Union Point,18/12/1965
55128905117,Kati,Jeacock,,19/11/1951
89206516600,Lily,Perrottet,63999 Everett Crossing,15/01/2003
64199661105,Ulrica,Bellringer,270 Southridge Alley,27/06/1967
86763254389,Lida,Clive,,08/12/1977
17867290834,Maddie,Doughty,08494 Maywood Point,29/07/1983
27639431705,Gisela,Jachimiak,646 Fairview Crossing,11/09/1959
72680991248,Forester,Brickhill,2479 Mitchell Park,29/07/1989
13498701180,Jemmy,Lythgoe,2098 Spohn Hill,11/10/1966
45376251644,Arlin,Eleshenar,209 Almo Way,26/06/1968
18619304869,Cloe,Ferriby,20853 Northwestern Road,03/08/1969
56772878275,Jocelyne,Peasee,2 Killdeer Junction,21/04/2002
46530337545,Marietta,Wand,37 Elmside Way,27/02/2007
59603086258,Forrester,Hollebon,,14/09/1995
18838815591,Darb,Pinnington,9101 International Hill,01/02/1967
52830631069,Frederique,Armes,1 Eliot Avenue,30/10/1960
12478054383,Arlina,Goodwyn,0667 Stoughton Road,02/07/2001
21906232425,Kermy,Morrowe,360 Texas Plaza,25/11/1950
96920612736,Merrick,Eakens,08992 Cascade Park,11/04/1998
16794541071,Dale,Philbrook,,12/01/1974
25481260157,Avivah,Sellstrom,3317 Bayside Place,14/12/2006
12997651045,Arman,Halladay,980 Grasskamp Plaza,28/10/1985
85138325164,Lettie,Nelthrop,635 Kenwood Drive,16/10/1996
59240018569,Anjanette,Truggian,6115 Pierstorff Alley,01/02/1994
46430851262,Garret,Corkan,675 Kipling Crossing,08/03/1963
38227722776,Lorrie,Backwell,,19/09/1993
60945958220,Romola,Gasnell,,08/06/1991
90552934837,Noach,Bernardot,5 Swallow Place,21/07/1983
71474491787,Huntington,Mouncher,5956 Nova Road,26/07/1966
80653651706,Stanton,Kupper,,16/02/2000
55780996878,Ardine,Sumption,902 Tomscot Crossing,03/02/2000
39801196841,Wash,Velez,87 Loomis Street,08/07/1980
43560112728,Vilma,Delia,2966 Russell Terrace,13/01/1990
48749059413,Dian,Labram,37 Grayhawk Alley,27/11/2007
33991747811,Jerome,Toderi,,18/03/2005
73780700037,Pat,Antonias,070 Warrior Junction,29/11/1957
78300825014,Demetris,Claxton,,19/06/1989
68829986004,Gwenora,Clackson,45 Nelson Park,10/01/1986
49431478893,Matias,Verheyden,0 Prairieview Terrace,18/05/1988
18149081695,Margette,Chicotti,095 Homewood Parkway,09/06/1951
79121829555,Annie,Lepere,,15/05/1989
55130634261,Fayth,Ruegg,,04/02/1951
11355901797,Godfree,Pinkett,9613 Surrey Parkway,25/06/1999
81738854450,Saraann,Childers,38473 Hallows Trail,02/01/1977
60818225520,Rorke,Feely,5 Shasta Parkway,15/05/1958
78401475117,Stirling,Broader,,04/02/1981
10241979109,Sax,Moyser,02 Leroy Crossing,12/05/1990
81531734281,Wilt,Bresnen,049 Welch Avenue,12/04/1999
39841797912,Nels,Tomlett,2843 Bultman Lane,01/04/1952
85169266349,Siobhan,Morando,629 Dennis Park,21/01/1952
11296333191,Carmela,Thrush,03415 Thompson Junction,01/11/1954
54833360170,Kellsie,Fair,61 Dexter Crossing,27/03/1992
10020126596,Burlie,Harbertson,23373 Dunning Hill,29/09/1956
40447146712,Portia,Wilshaw,5 Hauk Trail,30/06/1976
30309504597,Reeta,Golds,0 Mandrake Junction,30/12/1962
65861920217,Beret,Estick,91880 Weeping Birch Way,12/07/1955
39150389558,Judi,Broddle,6 Ruskin Drive,28/10/1962
58123205341,Reggis,ducarme,06 Scoville Parkway,17/01/1997
37288926339,Skye,Sandars,1792 Del Mar Alley,16/02/2007
16262641484,Trip,Vowles,,15/12/1983
14408668433,Caren,Jakobssen,,29/06/1952
53871895816,Carlynne,Trubshaw,7980 Hooker Terrace,21/02/1955
50444937840,Ulrike,Bendig,,22/07/2002
13249568976,Brianne,Orme,,08/11/1979
61956511373,Modestine,Ferrer,808 Schiller Center,29/01/1975
89666589966,Avie,Harvatt,7331 Schlimgen Park,25/11/1976
79783009665,Terencio,Burdfield,,28/01/2006
61447666485,Jean,Stroder,77 Jenna Alley,01/08/2005
30659322809,Morena,Barneville,9960 Crowley Way,10/09/2001
47719490080,Ronnie,Acreman,,04/03/1986
64473313460,Lazarus,Bedboro,8 Independence Street,04/04/2005
41834571309,Bryan,McIlveen,2046 Kings Court,25/03/1957
83422384357,Yurik,Verbrugge,93 Oak Valley Crossing,10/03/1984
96070735208,Teena,Vorley,286 Summit Junction,02/07/1984
74089352777,Sonny,Cobbald,212 Gale Court,25/09/1962
45476008167,Gorden,Rodell,4 Hoard Terrace,04/09/1997
70202093144,Alena,Searchwell,,16/11/1974
42537121954,Bear,Strase,1589 Maple Wood Junction,12/07/1991
24037789724,Murvyn,Malinson,70 Judy Alley,20/02/1981
13735905938,Bryant,Grinston,302 Dahle Terrace,10/11/2004
22392048778,Berri,Gobel,0198 Stoughton Circle,29/08/1953
21110914123,Karlotte,Iannini,,09/02/1954
83638876651,Charlotte,Cullingworth,,20/11/1969
63887641606,Jaquenetta,Luce,24 Valley Edge Center,07/06/1956
87226098754,Sayre,Sheepy,082 Longview Street,23/07/1977
12833979950,Florentia,MacGiffin,,16/05/1955
33149571885,Austin,Wilcockes,,22/04/1990
38807679414,Perkin,Matysik,,07/03/1999
70059744412,Koressa,Paintain,19889 Sunfield Crossing,11/05/1979
71626874959,Andrus,Mudd,5 Loeprich Court,22/10/1953
95878607622,Molli,Clem,885 Sugar Court,25/09/1968
87874665945,Cammie,Bosence,7 Hudson Hill,01/05/1979
10347503185,Josee,Germaine,7 Sullivan Court,29/05/1963
81431441705,Belia,MacCallester,,22/11/1979
69159372702,Elmer,Dinsell,99 Derek Drive,20/06/1955
79310289559,Gael,Kobes,3 Service Place,29/05/1951
57430746914,Pancho,Losbie,7 Magdeline Alley,27/05/1973
41514660471,Marta,Giraux,3 6th Street,01/10/1987
14687248092,Tonnie,Thinn,85232 Reinke Way,06/03/1968
71333248260,Sofia,Vink,,28/04/1957
83627986461,Adore,Clewlowe,2 Hauk Terrace,07/05/1996
96149362475,Lindsey,Milroy,017 Mariners Cove Avenue,17/09/1975
18802742233,Lorianna,O'Keefe,040 Alpine Street,04/07/1993
58570524313,Lyell,Paszek,04 Rockefeller Lane,07/11/1968
88037718552,Rosalia,Weale,,30/07/1959
78547995375,Simone,Corser,87950 Bunting Road,04/01/1956
87030672654,Hart,Jouandet,497 Crownhardt Point,04/07/2002
30354808717,Constanta,Lefeaver,35 Green Ridge Park,26/08/1995
27396132023,Ferne,Dearnaley,,02/09/2000
30309220030,Solly,Menichini,,17/07/1968
86040266398,Ahmed,Rosenschein,,14/09/1998
29179493181,Sarene,Van den Oord,,19/03/1990
46877820346,Lorri,Fobidge,7 Spohn Parkway,18/07/1987
95880715741,Simmonds,Tellenbrok,67518 Becker Trail,23/12/2009
15033107715,Staffard,Witcomb,44486 Marcy Circle,17/11/1978
97438139655,Caroljean,Petrusch,,21/10/2003
39706626167,Lazarus,Schnitter,,12/12/1989
62576109042,Cordey,Crady,40974 Fordem Plaza,16/07/1976
55686542741,Aldis,Zelland,21183 Buena Vista Pass,24/06/1962
49638715142,Carlina,Hyett,05 Nobel Parkway,31/03/2007
37582849962,Darsie,Sothern,2 Arrowood Parkway,13/05/1977
17181279814,Bev,Tandy,,01/07/1977
81324780187,Ivett,Iacomini,851 Eagle Crest Point,19/12/2002
97582665483,Titus,Bertot,88836 7th Place,22/07/1956
47824233961,Sena,Cuerda,36105 Old Shore Drive,13/09/1995
81049986392,Noelani,Sansome,,11/12/1963
73525013878,Jeremy,Peiser,,14/01/1984
61087021381,Garvin,Newing,,22/07/1954
15430758460,Giselle,Vass,,26/07/1977
31946016836,Janela,Putland,7 Vernon Plaza,14/05/1973
29571165886,Hestia,Omrod,10939 Jay Point,28/02/1976
25460364694,Helli,Belderfield,28 Hooker Circle,28/04/1966
45093280154,Carny,Nolda,113 Pennsylvania Way,10/05/2010
77196675157,Cathrine,Ohanessian,60951 Blackbird Plaza,27/08/1982
33657275857,Selestina,MacCawley,697 Cottonwood Circle,11/11/1989
27159007375,Keenan,Calrow,800 Walton Hill,12/05/1966
30197082893,Brooks,Lupton,4731 Menomonie Road,08/05/1982
24123834147,Norah,Joye,,11/01/1988
56577284647,Marilyn,Winskill,0929 Melrose Road,30/06/1996
55703164320,Natale,Gilphillan,2 Holmberg Park,23/06/1969
68021717429,Byron,Petr,,15/10/1990
19549231472,Earle,MacKettrick,8636 Sutherland Way,23/05/1965
84044794871,Susan,Janeway,90541 Maryland Road,09/09/1958
29340560198,Rabi,Morecombe,42523 Northwestern Trail,04/12/1958
34155359157,Lynnelle,Linster,,22/09/1952
24198136565,Ulrich,Quincey,00 Dryden Road,23/07/1986
69596087761,Ahmad,Priddie,,07/03/1994
93030061664,Barbe,Ripsher,612 Northfield Park,30/05/1957
58139440262,Avie,Gyles,3440 West Alley,15/05/1990
47380903133,Weston,MacFarlane,,15/04/2010
72097649294,Tierney,Daugherty,,22/03/2003
58255274755,Gail,Corballis,,01/09/1986
71778703958,Michail,Eggleton,058 Delladonna Lane,21/10/1960
88218869638,Mattie,Attard,1005 Eagan Plaza,27/12/2006
40809924825,Corinne,Allcock,20 Meadow Vale Circle,15/12/1986
88694337857,Forester,Drewry,4069 Coolidge Circle,22/09/1989
70470411879,Ham,Brimilcombe,603 East Avenue,10/05/1957
18111678223,Gareth,Clutterham,,29/07/1973
31843960317,Lucia,Sanbrooke,32 Londonderry Park,01/02/1954
14383384419,Wakefield,Reoch,399 Commercial Pass,06/03/2008
45787541234,Ronnie,Harpin,31391 Iowa Park,02/11/2000
47882196920,Inger,McCloy,30 Hauk Alley,14/10/1952
41890848252,Dietrich,Wainscoat,,16/05/1979
94234966343,Kaye,Tomkies,,29/11/1987
17717370181,Lora,Abdie,535 Utah Place,01/02/1978
96817694969,Arabela,Burke,366 Quincy Crossing,10/11/1959
54325693359,Harrietta,Yakunkin,,02/04/1967
18902586622,Hasty,Burrells,945 John Wall Drive,19/02/1994
42821780894,Katina,Ben,42231 La Follette Center,09/03/2006
19959246454,Emelia,Guyonneau,501 Dahle Point,16/07/1966
49583457561,Omero,Lyburn,90 Jackson Junction,01/12/2007
29069599823,Willie,Margrett,9 Green Ridge Lane,20/01/1971
57738667652,Maurine,Buick,,12/07/1956
21957123956,Pierette,Clooney,5399 Brentwood Drive,03/01/2001
62880996209,Anthia,Antonopoulos,,03/09/1998
19733642536,Filberte,Dumphries,,26/05/1960
51107202927,Ricki,Exell,76 Kinsman Court,24/08/1967
56484653308,Lil,Presdee,7972 Waywood Street,07/05/1996
71374299878,Candice,Clarson,537 Eastlawn Court,16/02/1975
72551458724,Dottie,Le Pine,93265 Briar Crest Crossing,21/05/1982
86316472318,Gilberta,Codron,,28/09/1963
26380910300,Druci,Haylock,8 Springview Park,22/12/2006
43235062768,Cathi,Muston,,09/01/2004
50277738365,Husein,Juggings,93 Dottie Avenue,11/01/1960
77131324523,Riane,Hammerberg,433 Gerald Alley,15/06/1956
17930440252,Ketti,Close,80854 American Ash Park,18/02/1978
73248726112,Thia,Swadlinge,2992 Westend Place,17/02/1982
93301824826,Feliza,Whitebrook,73744 Macpherson Junction,24/08/1978
89055543379,Tonia,Murra,1212 Marquette Crossing,24/02/1975
95250438451,Sim,Camps,,04/11/2005
27961594854,Dasha,Linskill,74425 Veith Trail,09/04/1985
89544475639,Sergent,Greenhall,620 Mayer Court,15/08/1966
20043146584,Morna,Oggers,441 Calypso Road,04/11/1983
91861709497,Adam,Fevers,,16/04/1980
74836325683,Costa,Bleier,9874 Moulton Parkway,15/05/1968
74943099613,Maurine,Bane,736 Stephen Court,22/12/2004
35653525819,Dru,Mackriell,9 Vermont Junction,21/01/2008
77533285138,Lenka,Franklin,,28/08/1968
71451519734,Jere,Grinikhinov,5 Evergreen Parkway,23/03/1962
86638290873,Carlie,Chancelier,98 Fallview Plaza,17/04/2000
11526943730,Gianni,Weems,,17/03/2002
90695584322,Yetty,Goodbody,1828 Northridge Pass,29/10/1991
52358074600,Jozef,Gley,660 Clarendon Center,24/05/1967
93710642669,Andrei,Duncan,169 Moland Parkway,31/03/1970
82655671917,Winna,Guerrin,3506 Barby Junction,31/12/1994
15694764801,Maggi,Calton,9 Lukken Park,14/09/1990
57137338039,Berti,Auchinleck,4 Ronald Regan Trail,13/03/1958
89779574733,Donny,D'orsay,5042 Northridge Junction,04/11/2006
65948335665,Sharon,McGuinness,,07/02/2009
99096565826,Barny,Barbary,737 Anthes Way,14/10/1960
83180501024,Bernarr,Human,,28/03/1970
27775701734,Magda,Churcher,287 Express Parkway,08/11/1973
95037778364,Kamilah,Pirt,,21/03/1972
49263144773,Shaina,Castro,7591 Valley Edge Lane,23/02/1985
56188600242,Clem,Kinloch,32 Hoffman Avenue,12/05/1996
85057611163,Ruprecht,Severn,,24/01/1975
79275475625,Samuel,Selvester,59 Sundown Terrace,25/04/1956
87190308888,Yvon,Stovin,4662 Pearson Junction,20/07/1981
14086713371,Rickie,Cotte,,08/08/1984
71077613687,Darbee,Hurdle,,29/10/1981
36167081322,Broderic,Garman,206 Jay Trail,04/01/1958
73923755050,Quint,Garrelts,9 Eliot Circle,21/08/1954
77666420919,Corette,Wozencroft,05990 Granby Avenue,16/12/1966
81663928206,Roosevelt,Squibe,,17/04/1982
16051762240,Hendrik,Punch,8280 Messerschmidt Terrace,04/10/1967
41733915711,Katleen,Madgett,,09/07/2006
24476228155,Maggi,Huckabe,,10/05/1994
65094777413,Abe,Piggen,04321 Algoma Way,17/01/1971
57458955385,Waldo,Antliff,,28/02/1951
11558635000,Ursala,Vaudrey,8 Logan Point,06/03/1983
35112740285,Hermie,Culleton,1056 Delaware Court,24/06/1996
14648532671,Jeannine,Kesper,,18/09/1957
17458444730,Hube,Vaun,,25/07/1975
30680005284,Ileana,Flancinbaum,25 Washington Street,05/12/2009
20511496628,Chadd,Boughen,,09/01/1999
28255794338,Kylila,Freeburn,4143 Kinsman Place,19/02/1987
94844610611,Travus,Larkworthy,9744 Granby Way,17/08/1971
75041569975,Zeb,Denidge,34322 Sullivan Pass,12/12/1964
19239772744,Shelli,Carragher,5903 Luster Circle,08/04/1995
72174545996,Lindi,Pennells,,12/04/2003
99476639228,Maggee,Keenlayside,,11/05/1992
55634980436,Jordon,Mugford,,11/12/1972
12029465839,Joletta,Fforde,62924 Schurz Trail,09/03/1960
31539266873,Filbert,Baus,,06/10/1999
39683700272,Lenette,Robardley,,01/12/1957
88610080946,Chantal,Reville,,22/01/1956
25202680734,Collete,Ragg,269 Hooker Hill,30/09/1988
68734995560,Siobhan,Ricciardiello,913 Ruskin Avenue,15/03/1989
86761476112,Stirling,Plinck,442 Novick Plaza,09/11/1999
66151314449,Wyatan,Milton-White,,04/06/1963
10886316826,Antoinette,Leetham,,16/05/1961
35416873846,Ella,Youthed,85838 Atwood Park,13/07/1950
56796013046,Lamont,Grayley,,09/09/1954
82525411104,Chas,Allman,,05/11/1984
52857725300,Bettye,Kearey,9869 Meadow Valley Plaza,19/05/1979
87588314811,Cindy,Rickardes,8 Oneill Park,20/07/1968
40781346499,Cesar,Halworth,,08/08/1963
56108590870,Lilly,Nizet,63 Reinke Pass,04/05/1963
37466152552,Marlee,Pibsworth,19323 Veith Lane,25/10/1961
78760606988,Sharity,Mongenot,878 New Castle Parkway,03/12/2003
35642681458,Nevins,Giabucci,86 Tennessee Drive,09/07/1966
15491755288,Ruby,Livezley,,09/01/1969
45424441566,Richmond,Mellonby,906 Rusk Hill,26/02/1962
24887410698,Devlen,Lillgard,,04/06/2007
88396387639,Chlo,Bromage,,16/07/1972
39020502741,De,Braxton,,09/05/2008
21557367261,Xena,Adriani,,07/04/1972
52704938866,Neysa,Littrick,05110 Hanover Hill,30/09/1991
36204955597,Linn,Everix,,21/05/1954
87384357922,Even,Henighan,85732 Lien Park,11/05/2009
70047320126,Sonny,Tarpey,772 Pine View Pass,11/08/1959
48562577708,Meir,Standbrook,488 Summer Ridge Circle,05/11/1972
50924711583,Carmelia,Gaddas,3773 Eagle Crest Plaza,28/12/1971
47698887617,Kerry,Duerdin,16 Carberry Point,22/05/2009
39428784422,Amby,Mawman,41 Upham Circle,27/03/1973
80031588850,Ky,Hawkey,5524 Dawn Way,11/08/1978
66101461491,Del,Rafter,,13/01/1980
92124099905,Gaylene,Holdin,4 Comanche Drive,25/01/1991
97808460843,Duane,Mariette,6 Rowland Point,16/04/1998
80495056903,Oralee,Sergent,65941 Cody Drive,16/07/1991
95507377077,Bobette,Sheed,99 Boyd Pass,14/04/1982
42001633645,Lulu,Wark,3624 Forster Court,06/05/2001
34125469972,Vernor,Swiggs,5702 Banding Street,16/12/1979
25479618886,Bordie,Lerohan,8 Hoffman Plaza,31/01/2010
14953501761,Wayne,Lorking,8 Comanche Lane,24/08/1983
49281397181,Murielle,Duddan,14 Aberg Place,20/08/1977
44146039522,Beth,Caret,,29/06/1961
26316036625,Aldon,Conibeer,,01/02/1969
94302838218,Cesaro,Leason,,28/05/1969
44740055258,Cathi,Chellenham,,04/12/2009
99045466924,Meris,Strike,2 Debs Junction,20/04/2000
93221786912,Thatcher,Baynard,,31/03/1987
99911423317,Andras,Barber,67 Hansons Park,22/02/2000
63867572980,Ulrika,Withers,,31/01/1997
54373867533,Vitia,Honack,,15/12/1986
79286574421,Ewell,Townley,,05/10/2002
59330395994,Devlin,Kilborn,,07/04/1951
73591208025,Fred,Matyushkin,92738 Pearson Junction,15/03/1996
69046978262,Connie,Branchet,880 Hooker Court,09/05/1951
47205414467,Kelsy,Coan,4606 Superior Point,08/09/2000
50308271506,Hetty,Avann,,31/03/1969
31976896558,Viole,Franken,0 Northwestern Park,24/10/1992
62937329356,Anabal,Connal,48 Lunder Hill,09/06/2000
59899458604,Quintin,Waywell,54 Petterle Pass,18/09/1979
80687740631,Christin,Foad,60220 Upham Drive,15/11/1954
39425228508,Judah,Marklew,,16/03/1990
89551638553,Kerby,Jockle,0826 Amoth Street,09/05/1983
20942612939,Zerk,Muldownie,692 Manley Circle,06/08/1996
28823495671,Anjela,Martinello,,05/09/1994
58392547829,Bertrand,Crowch,49 Vera Pass,27/07/1988
58281923951,Elia,Tunnacliffe,7262 Bay Center,13/03/1975
58150927158,Shirleen,Antonutti,,26/07/1972
62495354564,Brandie,Copner,1 Tennessee Drive,13/05/1955
15498831300,Thedrick,Debrett,744 Namekagon Park,21/05/1970
58361588103,Welsh,Fyldes,15702 Fairfield Terrace,14/04/1959
64440251588,Nerte,Brosenius,65685 Oriole Plaza,12/05/1998
80369372620,Pyotr,Pingston,94649 Badeau Terrace,01/09/1953
71717595372,Sandor,Showl,,24/05/1962
47841706656,Seymour,Abrahim,6179 Cody Center,01/07/1994
67094353492,Lay,Addionisio,,26/05/2000
91515125703,Sidonnie,Lambillion,,16/10/1959
60243890585,Lexy,Gouley,50 Dapin Street,25/06/1952
89991533006,Malorie,Rosenthaler,,05/09/1974
18907313871,Marrilee,Djordjevic,5 Spaight Lane,21/04/1970
62454689443,Anabelle,Sowerby,,05/02/2009
85441737849,Stefania,Overil,7664 Melby Lane,06/01/1976
47158884837,Aura,Malthouse,499 Paget Lane,24/12/1975
53440573415,Nettle,Heibel,54665 Dovetail Drive,18/12/1983
14913744336,Bellina,Thorns,7197 Portage Avenue,23/10/2007
59475412553,Honor,MacMickan,,27/04/2007
54782408321,Niki,Blondin,6 Blackbird Street,12/09/1971
27243065053,Letisha,Peeke,9342 Rockefeller Trail,09/06/1967
33088082635,Chelsae,Byas,,23/04/1982
58912503313,Iago,Bloodworth,34 Kim Street,12/07/1970
87741201981,Bettine,Kyles,5 Bay Lane,22/12/1974
27348325170,Flossi,Bird,6 Eggendart Crossing,20/04/1980
26032860548,Isa,Ganning,1 Erie Hill,29/07/2008
61794104956,Vladimir,Mainland,61 Garrison Street,08/08/1954
45633131792,Gene,Chstney,338 Thackeray Court,24/03/1956
56019227355,Zebedee,Cord,705 Armistice Avenue,01/08/1982
60559651358,Saunders,Robertot,,15/02/1981
90166665685,Vince,Stoller,,16/08/1984
81420272770,Dannie,Crolla,7724 Karstens Park,16/03/1964
27922299839,Armstrong,Dyke,200 Kim Avenue,17/07/2003
30337872620,Ashien,Gaffney,,06/11/1973
59165839313,Gabriela,Lenard,,10/05/1995
81523664758,Tomlin,Hall,564 Dunning Hill,22/11/1996
26111958846,Fernandina,Bride,,26/04/1966
29434271864,Pancho,Heathcott,25174 Vera Alley,24/03/1986
62383301510,Ashla,Farnon,,31/08/1961
64951769922,Robers,Gorwood,89 Birchwood Crossing,03/03/1961
64704059540,Winna,Armfield,8 Crescent Oaks Parkway,10/01/2008
72727071048,Lyell,Redmire,,08/07/2004
25181113319,Ad,McTear,8 Independence Court,07/07/1951
84715732396,Ted,Pedrocco,928 Melody Hill,08/12/1960
22677497818,Maddi,Outhwaite,51836 Graceland Center,03/02/2001
39678225797,Desirae,Benedtti,3 Everett Plaza,19/01/1985
65958720649,Theresa,Tripney,08843 Ridgeway Place,29/10/2007
52295308255,Abbe,Ellingham,305 Gina Place,05/08/1969
90923342470,Marlow,Stiger,0098 Lotheville Terrace,31/03/1953
69775198001,Anett,Jaques,33898 Carpenter Place,18/04/1978
25261521147,Rockwell,Bottoms,58 Bobwhite Terrace,12/01/2004
81060901248,Meir,Domoney,5 Twin Pines Drive,09/02/1970
62814200166,Filippa,Denning,390 6th Park,16/12/1969
13030468193,Axe,Ricioppo,,19/01/1977
80797346947,Micky,Keynd,,07/08/2007
65547764988,Tiffy,Crocumbe,,18/10/1997
47457047443,Waylon,Pellissier,2915 Elka Street,04/09/1951
58573528461,Grady,Nealey,6 Fairfield Junction,03/02/1998
57127211516,Jeane,Poluzzi,,28/01/1988
71492160197,Case,Sullly,97 Golden Leaf Way,03/05/2009
45482362798,Vanna,Kubista,8957 Service Trail,18/10/1964
31945165203,Dalia,Pinsent,5489 Pawling Trail,23/03/2009
27319331437,Stacee,Hunton,868 Forest Plaza,07/10/1978
19292350894,Chucho,Tukesby,401 Mockingbird Place,16/03/1996
34097370642,Sile,Paling,2 Pond Alley,02/08/1990
70387153505,Maryellen,Denniss,38 7th Avenue,08/04/2009
15063822888,Floria,Talbot,,10/07/1956
52782736651,Shirl,Baseke,3 Northfield Crossing,11/04/1972
48338654792,Kalila,Burkman,3410 Springs Parkway,08/03/2003
34294417380,Myer,Reding,,14/06/1968
65118814969,Alexandra,Gamlyn,,08/04/2005
40612520891,Hinze,Heninghem,80090 Lakewood Gardens Junction,24/08/1985
23937371422,Bebe,Brandel,332 Clarendon Plaza,23/02/2008
75454086781,Adorne,Wreight,62 Dakota Alley,04/07/1964
30371552147,Frank,Yashnov,21253 Dapin Drive,26/01/1956
54118054962,Lynnelle,Gurdon,2496 Florence Center,10/04/1961
28679676382,Ahmed,Beauchamp,,03/07/1971
60996066870,Zed,Steventon,786 Meadow Valley Avenue,06/03/1998
50064610654,Cyndia,Grieswood,6 Vidon Road,06/08/1988
72237132611,Odelinda,Loving,,03/10/1972
24507811245,Lammond,Denison,6780 Meadow Ridge Avenue,17/05/1956
34529748186,Perceval,Pashan,9 Harbort Drive,05/11/1982
65531442097,Micheline,Perillo,7 Valley Edge Crossing,18/10/2009
24022112921,Thomasin,Viner,02762 Bluestem Hill,06/10/1974
31938514909,Petunia,Inglish,6 Johnson Lane,10/04/1982
96686370473,Honor,Bosworth,72758 Burning Wood Terrace,04/05/1958
48755190970,Eimile,Scothern,148 Dovetail Avenue,17/11/1999
33824111550,Margarita,Bartleet,,29/09/1977
46903549999,Cheryl,Dispencer,44437 Schlimgen Parkway,06/11/1959
38578767856,Lauree,Cleverly,64 Kensington Circle,27/07/1968
46137826060,Bone,Yandell,1599 Sachtjen Court,10/04/1987
30058960945,Amerigo,Grigoryev,5 Scoville Junction,20/03/2005
55952491675,Stearn,Westwick,,26/09/2003
13660114537,Stevy,Wafer,585 Dayton Crossing,27/08/1994
57269505656,Sollie,Soro,95930 Mallard Trail,29/11/1988
65785050512,Florida,Gotts,05 Dahle Lane,18/01/2006
98585105636,Joannes,Longdon,,27/01/1969
21586413920,Jozef,Gavrieli,,20/04/2009
83382371905,Anna-maria,Tapp,,14/07/1964
46283905836,Alberik,Foxcroft,,14/09/2009
32863449917,Nappy,Kroll,96527 Merchant Crossing,04/05/2002
99269318321,Cristi,McGairl,5609 Roxbury Pass,07/07/1960
61135456525,Sig,Kubu,6051 Express Junction,22/01/1965
40311668127,Kordula,Venediktov,747 Bunting Pass,18/06/1995
43144467825,Callida,McDermott,,14/06/1989
29406061908,Carny,Chavez,940 Crescent Oaks Place,07/11/1996
30517268377,Ethelred,Eidelman,,27/01/1962
30293430785,Berget,McClounan,,17/03/1958
56853171574,Prince,Poone,025 Autumn Leaf Court,21/11/1979
93050428433,Sonny,Aubery,8 Gerald Avenue,02/09/2002
29324882986,Lorin,Leathard,1 Hanson Lane,05/07/1990
35408329403,Aubrette,O' Kelleher,12 Sugar Alley,12/12/1995
64079038933,Ranna,Middler,72 Gulseth Court,24/10/2001
85029617289,Lauraine,Shill,8322 La Follette Trail,25/05/1976
50304396136,Natale,Battisson,09 Golden Leaf Place,25/03/2002
67385500009,Elladine,August,,31/05/1964
63560647610,Bennett,Simmig,5705 Corben Trail,25/03/2002
78912709141,Cora,Titman,5650 Kennedy Place,12/10/2003
18643643193,Catie,Lathwood,,18/05/1963
96588773573,Petr,Kloster,,27/02/1978
93038090560,Lyndel,Guiso,,16/03/1953
91783433767,Jose,Pim,57208 Kings Street,03/10/1969
27839618128,Dayna,Ruler,1 Summer Ridge Terrace,22/08/1974
21931582898,Katuscha,Goulthorp,4 Fordem Circle,09/04/2009
31492106237,Chickie,Chrismas,61673 Spenser Crossing,05/10/1992
21287266647,Vinnie,Petkens,705 Susan Point,17/04/1976
18778382632,Lorens,Hartley,1666 Bellgrove Place,30/04/1975
60043654167,Betsy,MacKellar,8036 Gina Terrace,21/07/1973
11772298064,Shayne,Adamek,3977 Gateway Lane,06/07/2002
53323377097,Bucky,Brazier,21 Pepper Wood Center,01/03/2009
90345573083,Grete,Ottam,1647 Marcy Point,24/07/1984
74745075735,Lane,Spillett,,16/09/1983
96540516778,Marv,Knapton,8393 Manley Hill,14/08/1991
63657479990,Laurence,Skuse,8738 Wayridge Junction,17/02/1988
87558897118,Constantin,Emblow,37 Muir Lane,30/12/1950
26021052631,Homere,Webby,883 Loomis Street,12/04/2003
82104379910,Sanford,Crisell,3288 Bashford Point,26/11/1980
47391116401,Goldi,Withrington,691 Blue Bill Park Pass,18/03/2001
46259795199,Giorgio,Vaskov,42038 Dwight Lane,06/03/1984
57298601478,Daveta,Theobald,44 Thierer Trail,07/08/1981
91731530118,Howie,Birchner,,28/07/1999
46282780091,Bond,Maxworthy,,17/11/1968
86037736726,Craig,MacSweeney,24 Anthes Plaza,03/05/1974
79801589671,Bonni,Reubbens,,12/09/1968
23870790981,Luke,Munt,61 Grayhawk Trail,02/12/1950
66535155010,Adolpho,Rosling,,05/03/1999
16078125934,Wright,Koop,55432 Arapahoe Street,04/08/2008
20563046434,Leeanne,Swindon,,06/12/2009
87437635577,Kirsteni,Birckmann,,02/01/1980
93732293398,Gena,Ranscombe,,04/01/1954
92308442993,Hadleigh,Isacq,30 La Follette Terrace,18/03/1970
36259398251,Aline,Cawsey,6171 Dakota Parkway,27/07/2000
16690253965,Shirleen,Bread,,18/08/1962
30300977847,Lester,Landell,,25/06/1998
44751230695,Ransell,Collopy,221 Dorton Street,11/01/1951
32048085346,Leroy,Blamires,51 Lindbergh Pass,05/02/1967
52572375736,Tedra,Greenshields,4388 Bay Terrace,01/02/1958
32712926223,Marsiella,de Villier,5514 Sunfield Lane,02/03/1975
93964552967,Angelia,Sahlstrom,5 Oak Alley,16/09/1989
16367102277,Kamilah,Vasyutochkin,9 International Trail,08/09/1967
17599733707,Kacy,Armsden,13624 Bonner Plaza,07/06/1974
80511165536,Manuel,Panswick,20 High Crossing Road,12/12/1982
10613419398,Laurice,Nuth,83 Holy Cross Parkway,05/02/1969
49934305557,Dael,Solland,,08/09/1973
69101188595,Aprilette,MacAless,78 Thierer Lane,13/02/1956
82385716490,Adrienne,Peto,213 Loeprich Alley,29/09/1975
57713664411,Petronille,Gouldeby,,14/03/1992
10595923639,Osbourne,Danser,,14/06/1981
37628844759,Faustina,Fenge,,25/09/1992
92978611529,Darda,August,3 Packers Plaza,07/03/1991
85388296913,Linnea,Potapczuk,,29/11/1972
46480575538,Kelwin,Gerish,30 Kingsford Alley,12/05/1976
20638002375,Aurelie,Kilfedder,21 Westridge Junction,14/03/1999
16279875560,Stanislaus,Burdin,,20/09/1957
73250210713,Giffie,Streat,960 Armistice Circle,16/10/2005
54646683977,Fernandina,Beardshaw,256 Merry Parkway,14/10/1999
92003846479,Riane,Kopje,,01/06/1994
32934787732,Callean,Hornig,9348 Doe Crossing Plaza,24/03/1986
96134536467,Joey,Abramovici,0885 Farwell Point,02/07/1979
43425033651,Lammond,MacNamee,,10/02/1986
41823701380,Cherin,Haggeth,9294 Jenifer Center,01/05/1984
73516554791,Loutitia,Dureden,935 Forest Terrace,28/07/1963
24885803589,Hans,Burkinshaw,41 Paget Parkway,30/06/1984
79292106620,Ignatius,Boynton,9671 Grasskamp Place,13/11/1985
75790793729,Khalil,Strelitzer,,23/01/1952
51689877685,Thaddeus,Jimpson,244 Manitowish Circle,11/10/1972
66651744526,Klement,Rymmer,0 Meadow Ridge Alley,14/07/2005
62822715913,Emmye,Synder,,16/06/1965
29496653162,Della,Leethem,,19/05/1989
12291253247,Gratia,Helmke,20 Oakridge Crossing,30/08/1979
44301870088,Sherman,Szymanek,,14/11/1976
80054335116,Gail,Brockbank,210 Arizona Parkway,06/12/1976
64326926057,Addie,Harcourt,604 Grasskamp Plaza,12/02/1967
77614035562,Goddard,Philipeaux,98286 Talisman Crossing,10/09/2005
16058352553,Gabbey,Bedow,716 Rowland Court,24/09/1958
24210822465,Montgomery,Baudou,1362 Cottonwood Circle,01/04/1968
65335573258,Elvin,Burdess,,18/10/1957
98736424706,Prinz,Verdon,69681 Ridgeway Court,05/08/1982
20920848466,Gianni,Frift,848 Chinook Parkway,29/05/1957
73863197024,Hailey,Manclark,16 Daystar Point,09/07/1993
31433960590,Pinchas,Jeffs,,12/01/1964
11842632035,Blake,Arnaudon,780 Tennessee Hill,05/01/1951
28074757293,Alano,McGivena,,01/02/2006
85226140090,Howard,Schiefersten,,05/07/2008
12611290386,Antonius,Hutten,48 Nevada Plaza,26/09/1976
28442873587,Aubry,Beaufoy,44 Express Junction,16/09/2000
16889653785,Ginni,Southgate,52470 Sloan Circle,03/09/1993
20900982366,Whit,Ladewig,836 Ohio Alley,17/06/1981
21783204495,Benoit,Quin,92 Susan Trail,22/09/1971
39695195797,Sandi,Ower,7754 Lien Junction,24/04/1955
29805913892,Mac,Dodimead,50085 Twin Pines Street,28/04/1984
22893618482,Meagan,Mecchi,660 Nobel Trail,21/01/2008
48033489580,Magnum,Shalloo,2293 Mallory Parkway,01/06/2004
34763009845,Mort,Dockwra,,05/05/1973
15365380355,Caspar,Favela,,18/12/1998
44376607213,Darn,Vasyukhin,7 Coleman Road,03/06/1970
96180162593,Ulberto,Anfonsi,,06/01/1981
98260974581,Igor,Rate,79 Montana Road,04/05/1967
98605698339,Jere,Rozenzweig,,03/12/1976
43072635528,Madalyn,Turnell,0255 Moose Drive,31/08/2008
88618652161,Syman,Jacklings,9 Mariners Cove Pass,05/04/1976
33431438750,Elvin,Jelleman,029 Grover Pass,11/01/1962
23168643097,Shayla,Cloutt,43 Manitowish Park,22/07/1955
81305601094,Fleming,Jeandin,507 Kingsford Avenue,27/09/1962
63189553429,Cyndie,Krysztofiak,433 Buhler Drive,22/05/1980
93048712488,Vincents,Agdahl,8 Esch Crossing,07/09/1969
96799460292,Alaric,Astell,71081 Elka Center,27/08/1964
83272612710,Annie,Devil,0 American Ash Point,17/04/2002
74521009429,Almire,Macrow,04 Burning Wood Alley,19/11/1990
47879460345,Norris,Casetta,9 La Follette Plaza,12/05/1994
82129194303,Nestor,Alen,944 7th Hill,03/08/2001
33984951002,David,Ughetti,6804 Coleman Trail,07/07/1951
63698076941,Merill,Wildsmith,9561 Lunder Center,15/04/2000
68183828161,Homerus,Warton,67506 Dwight Way,06/01/1963
42132274233,Ruperta,Culshew,,21/11/2002
38325592862,Madlen,Watson,,26/07/1964
97155453458,Mamie,Knellen,53 Browning Junction,28/03/2005
89336864764,Wally,Gage,,20/04/1981
25751842517,Layney,Sute,35453 Drewry Avenue,14/05/1954
30822599658,Sibley,Vaggs,6739 Hauk Court,06/10/1999
93540541251,Job,Philpault,,15/12/1997
78342573733,Dulcy,Lalevee,69142 Graedel Parkway,20/09/1961
81375810525,Kalinda,Duffill,5 Northview Way,29/03/1959
45218125858,Barrett,Neeves,07807 American Ash Hill,14/11/1962
45863724473,Magdalen,Limbrick,,13/07/1956
95980831402,Monte,Goschalk,7168 Monica Center,25/04/1969
91836833780,Alleyn,Alp,7774 Grasskamp Junction,02/12/1975
83940303168,Doloritas,Grogona,4 Comanche Parkway,16/11/1961
13411843033,Ilka,Stuckow,538 Basil Court,23/04/1992
72193649020,Munroe,Loges,,03/03/1986
66805800281,Alexio,MacKay,,31/05/1957
88237433774,Perry,Heart,,25/02/2005
83403012181,Brant,Meegin,02 Continental Court,18/04/2003
68342106721,Skipper,Landsborough,56571 North Alley,08/08/1962
50967519426,Bronson,Drynan,76 Northwestern Point,14/10/1966
98040645556,Piggy,Searby,566 Emmet Drive,08/01/1994
56324484586,Coreen,Cunliffe,6 Anderson Pass,05/06/1993
46692398840,Vassily,Paszek,05 Boyd Place,20/06/1987
46053852738,Haven,Kendal,6 Schmedeman Road,09/02/1961
37134971389,Carole,Strathman,,15/07/1991
14704280631,Nicoli,Bercevelo,28808 Eastlawn Way,06/06/1979
25104983251,Valentia,Fishbourne,71 Fairview Drive,25/08/1989
51687933237,Jasmine,Kitchenham,51 New Castle Pass,01/08/1999
93820624990,Dill,Kelberer,392 Basil Terrace,10/01/1982
54787602873,Cassie,Lemmer,34176 5th Center,01/12/1987
19188784408,Nona,Meakes,1839 Killdeer Terrace,01/04/1995
76932439478,Antonella,Derrington,,04/05/1960
61686626116,Julieta,Holligan,480 Briar Crest Terrace,19/01/1996
64195465938,Neal,Averay,3 Sunnyside Circle,10/05/1987
42752935450,Von,Dymick,,04/12/1979
92662852611,Gerianne,Dimitriou,,17/08/1963
58466785784,Linea,Revey,192 Aberg Terrace,04/10/1982
31784765589,Robby,Mirfin,9 Myrtle Junction,09/11/1994
91041732240,Consuela,Toretta,353 Karstens Place,06/05/1971
55897604256,Ursuline,Eakeley,5 Hollow Ridge Terrace,08/04/1988
38607638985,Jasmin,Round,0 Forest Run Trail,06/10/1993
68911120416,Perren,Milne,55 Glacier Hill Pass,29/01/1995
23168270497,Adam,Idney,2114 Golf View Place,11/12/1972
29902890982,Roxanne,Lebbon,594 Eggendart Pass,17/02/1996
43620516057,Beltran,Maine,,26/02/1984
53797882272,Fernande,MacGeaney,1 Gulseth Hill,21/01/1976
99232781391,Bartel,Blondin,17729 Cherokee Alley,24/03/1979
64053474614,Say,Forlong,4234 Holy Cross Point,13/08/1999
31254999893,Cob,Jenks,21 Bartelt Court,29/03/2007
88675711551,Winna,Chamberlaine,31793 Russell Center,17/06/1964
43213393744,Marcela,Licas,93841 Thackeray Hill,08/06/1981
27136929115,Tori,Bebb,,26/07/1981
85672503954,Moreen,Stares,,15/09/1973
45777313223,Daryl,Denyukhin,,02/03/1967
39602187516,Aristotle,Buglass,7700 Independence Park,29/11/1964
37589536939,Cornie,Laker,,03/12/1995
91621924411,Rebekkah,Duffrie,1 Johnson Way,05/04/2008
67362260821,Valene,Balint,,20/03/1999
38907337505,Alfredo,Petrina,,27/09/1978
16767670508,Warde,Rangall,,04/01/1998
67498791056,Maritsa,Fowle,,18/06/1959
14992545409,Lorelle,Allkins,56 Vermont Hill,22/07/1971
12566315919,Correy,Ligertwood,94867 Havey Junction,22/07/2006
88520978790,Becki,Dendon,1844 1st Plaza,21/08/1992
58565901066,Analiese,Pendall,,02/07/1960
53440301969,Myrtie,Bantham,55486 Forest Road,23/05/1955
78321971262,Krishna,Gwinnell,5128 Raven Parkway,24/10/1988
47982446690,Yancey,Benion,83 Heffernan Place,15/06/1973
29736204094,Hersch,Catherine,94724 Columbus Junction,05/01/1986
10162286322,Erick,Dalton,2179 Barnett Alley,31/01/1983
87203187426,Arturo,Stritton,,20/01/1994
37574583159,Mahmud,Doud,69253 Rockefeller Court,26/11/1963
66067745991,Abraham,Behnke,,04/03/1968
93382154477,Elijah,Labadini,,28/03/1967
27376078109,Brittni,Prestner,,16/05/1958
89571852717,Wain,Sandes,893 Johnson Drive,02/05/2000
95467284865,Camella,Gunderson,7 Fallview Lane,17/05/1977
98839313355,Rosemonde,Dahmel,74 Glacier Hill Junction,17/10/1964
63550398695,Spence,Skeen,9 Maple Wood Place,18/03/1967
26489558053,Nealy,O'Fielly,4 Randy Avenue,28/08/1970
24139136974,Giovanni,Dunton,3 Spohn Hill,03/05/2009
83223328784,Deidre,Bew,7417 Packers Junction,23/04/1952
54074730711,Melany,Harriot,4 John Wall Hill,28/08/1997
21935035759,Berrie,Binner,57 Grim Road,19/05/1955
22569704533,Cicely,Sails,1 Homewood Plaza,19/02/1995
86887804351,Lexine,Riolfi,3998 Bowman Plaza,28/05/1971
76131203601,Eolande,Bakesef,9263 Sloan Circle,19/09/1984
34799987334,Andra,Inott,8 Rusk Road,04/06/1980
31116675838,Brion,Hustler,22 Emmet Point,29/07/1963
10519269133,Knox,Guillet,,29/08/1985
38107231208,Storm,Bloomfield,611 Monterey Trail,18/08/1969
34863743601,Hazel,Gravet,6 Evergreen Lane,27/06/1980
12909798462,Florette,Mensler,3 Toban Center,11/07/1996
86302532090,Pegeen,Howbrook,,30/04/1973
32390428163,Tera,Cowans,,08/12/1989
74612498377,Sylas,Hamblen,74939 Jenna Plaza,16/12/2002
30467352723,Shaylyn,Pleasance,3729 Golden Leaf Pass,31/12/1962
48639501505,Catlee,Sherred,,11/05/1990
43747558394,Alameda,Somerled,,17/11/1951
19214855801,Natalina,Radband,2349 Troy Terrace,05/08/1981
99515169661,Suzie,Selbach,741 Monterey Center,12/11/1953
82573020636,Tine,Hurleston,,01/07/1978
12879055961,Everard,Grigorushkin,97873 Derek Point,15/07/1962
78771222725,Darrel,McLaughlin,,17/10/1963
57711502442,Jen,Brummell,0838 Summit Avenue,27/08/1978
67349776151,Josy,Orhrt,8478 Ronald Regan Alley,28/03/1984
46808282522,Car,Leads,9 Meadow Valley Park,23/10/1998
87327450352,Loni,Benardet,11267 Mallory Street,18/07/2006
55787263278,Vlad,Saterweyte,19 Coleman Place,29/11/1982
18684786984,Bear,Stigers,3 Jay Avenue,16/01/1974
31709337545,Maressa,Cohen,,26/08/1990
90381115236,Emerson,Capon,230 Arrowood Lane,20/03/1980
84254101481,Marj,Pochin,,16/12/1979
13462238285,Saleem,Stretton,,19/08/2004
58699918873,Ivan,Surgood,4882 Buell Trail,19/06/2002
61920078104,Claudio,Pawsey,,22/10/2006
14649050165,Anallese,Neillans,780 Scofield Junction,04/04/2002
41662980294,Mortimer,Reye,,15/06/1995
92603271158,Luis,Goacher,07 La Follette Terrace,03/04/1958
50188987532,Alaric,Skentelbery,,26/10/1951
44495964223,Etti,Gyver,47425 Maple Wood Court,03/08/1965
50466014913,Maynord,Sylvaine,9 Chive Trail,20/10/1953
12845471866,Lark,Warrior,9211 Pearson Park,20/08/1956
62148432864,Esmaria,Bilton,3490 Golf Course Way,19/03/1969
98179276683,Carolus,Skeat,,26/04/2003
67432424000,Stefan,Wrates,55301 Del Mar Crossing,28/01/1952
63752340948,Guthrey,Swales,,13/01/1994
86387661726,Abbie,Tomsett,808 Lake View Alley,12/05/1957
14227832574,Tracee,Valentelli,354 Melvin Road,19/02/1997
96030185215,Priscella,Spellsworth,,11/10/1964
31876425774,Yorgo,Everwin,7129 Nobel Point,04/04/1956
28518197666,Homer,Jelf,7900 Linden Alley,26/07/2006
58536421477,Delilah,Peachman,3055 Pearson Hill,16/10/1987
23392045577,Bowie,Ratie,22871 Calypso Crossing,31/12/1972
13252771098,Roda,Elcoux,6158 Kensington Trail,24/04/1967
26659164606,Willy,De Ferrari,,25/11/2004
90404923945,Jenelle,Feighney,5 Schurz Circle,28/12/1967
55736930945,Pincus,Dawton,4 Moose Court,19/05/1962
95371952639,Peter,Russan,,13/10/1959
51420369127,Thorsten,Aujean,7142 Oneill Road,21/02/1980
54971610859,Keri,Sadlier,,14/10/1967
52675557598,Lyon,Croson,89 International Junction,27/10/1966
98632545501,Boone,Yele,0 Bunker Hill Circle,12/10/1978
86317542805,Zedekiah,Bellard,4011 Doe Crossing Lane,02/01/1992
88821995063,Philbert,Raynes,60630 Mesta Point,14/01/1999
64031576558,Marney,Beachamp,,03/02/1990
91902508590,Neila,McKnish,350 Summit Crossing,07/02/1959
50759995244,Alisa,Kopelman,,07/01/1965
19623356105,Ellene,Comino,12 Evergreen Junction,11/06/1988
72964557921,Sacha,Inman,95553 Larry Place,30/06/1987
70180353165,Roch,Wadeling,2 Riverside Court,29/08/1953
66438499843,Mamie,Hurlston,,04/03/1966
58525899905,Prescott,Coull,,22/04/1969
48986455627,Shea,Hamper,2135 Lighthouse Bay Parkway,12/09/1950
69802087455,Rutledge,Guild,409 Nova Center,23/04/1995
54066317851,Andreana,Domanek,,12/03/1984
11103094434,Roslyn,Malser,60524 Talmadge Court,01/08/2002
70004114440,Haze,Skoggins,45927 Shoshone Pass,23/05/1969
43838740494,Oates,Bunworth,,01/08/2004
41148667121,Maye,Gritton,,11/01/1966
85048386844,Luciana,Nurcombe,08 Arrowood Parkway,07/07/1992
92753929343,Dimitry,Tregenza,102 Boyd Terrace,08/10/1993
53606245174,Sammy,Tenby,78530 Hoepker Terrace,02/12/1980
48304422516,Sigfried,Kapelhoff,0 Weeping Birch Park,25/11/1963
80916899324,Giacopo,Domenicone,,24/05/1970
41693168738,Shalna,Fells,,19/06/1986
39842228662,Haslett,Withur,1763 Kipling Court,21/08/2005
50762615833,Betsy,Stollberger,9753 Paget Avenue,22/10/1951
72191675833,Bogart,Fidock,,30/03/2010
73325487141,Gordon,Reddy,,17/05/1970
93808343451,Barn,Alexsandrev,,28/07/1960
61699979944,Norrie,Jubert,206 Shelley Trail,22/08/1963
21373406855,Maryellen,Cereceres,90 Clemons Point,01/11/1992
32524438244,Meg,Punter,3 Kropf Plaza,02/03/1979
58805979850,Denni,Micklewright,49 Nancy Park,01/08/1952
40480645889,Lonny,Harteley,15953 Oak Alley,11/05/1989
99039517916,Lambert,Scothorne,44985 Meadow Ridge Center,07/08/1952
33396094650,Geri,Twidale,,13/09/1957
43161495882,Benjamen,Davidy,28815 Artisan Parkway,26/06/1959
18475296749,Rowland,Duling,6 Utah Court,16/05/2003
50003520647,Bamby,Dunseith,113 Hallows Terrace,02/10/2007
23962432932,Olin,Faughny,6313 Sunnyside Terrace,13/02/1965
23527763899,Jasper,Diem,22413 Dapin Hill,07/06/1979
28478613369,Antoine,Grevel,9709 Annamark Alley,30/10/2002
23271735768,Bren,Zavattieri,,12/12/2005
12739151538,Halli,Adam,,31/03/1979
97553183869,Thornton,Kroon,,19/02/2000
37204469090,Wenonah,Joscelyn,0 John Wall Road,06/12/1974
33942833071,Staffard,Brockie,8134 Knutson Pass,27/12/2009
52744822167,Jeana,Robathon,,06/03/1985
43432449841,Vincent,Jaskiewicz,4 Anthes Terrace,30/06/2002
91145103093,Elke,Chastang,,18/09/1973
39583870833,Gusella,Sandwith,7814 Banding Avenue,06/10/1950
73036937412,Zedekiah,Wahlberg,4 Westend Place,14/08/1991
34010492482,Elnora,Beach,4276 Kennedy Park,27/01/1975
48791793440,Margit,Coytes,,15/05/1986
58109264855,Rex,Godley,83169 Sutteridge Circle,22/10/1953
97221700289,Eden,Norway,,07/07/1998
48068522945,Pernell,Twamley,644 Memorial Crossing,11/08/1991
47111982627,Jerald,Addams,,06/09/2005
66166476609,Abra,Medway,9 Glacier Hill Road,21/06/1982
15211799437,Augustine,Vasyushkhin,,07/06/1962
44570340052,Shell,Wharrier,06436 Kensington Parkway,13/09/1999
61427149889,Harmon,Casetti,,17/02/1961
15946202175,Nikolia,Stopforth,6 High Crossing Drive,06/04/1991
59351184828,Vail,Float,12 Sherman Way,27/08/1975
67741242487,Britteny,Menichino,75355 Drewry Trail,05/03/1979
23952922647,Calhoun,Berrey,339 Crowley Terrace,27/08/1964
24468434626,Gweneth,Cuschieri,85 Summerview Place,05/07/1975
34052634794,Gaven,Tassell,8179 Bashford Crossing,24/10/1996
41007570191,Tyrus,Duckworth,11119 Canary Parkway,07/03/1972
20421148956,Bryant,Dugget,,04/03/1955
39513914592,Emlyn,Trase,,01/05/2003
48840515208,Carlos,Venditto,,12/03/1978
