email_address,phone_number,password_hash,modification_date,join_date
fdebrett0@msu.edu,7438448301,2a$04$ja6mmwQnQsns7ab/QdhvTuL/s0X,09/07/2022,08/12/2020
abangle1@weather.com,5478847268,2a$04$rFW/B.Kd80dA1Lqy4OXovOJKy/6,22/03/2023,27/09/2020
rrouse2@ow.ly,1184937885,2a$04$Ck2LUdm0NjMZDPEe1fCv3esm/ro,16/09/2022,30/08/2020
omccallum3@netvibes.com,5609777804,2a$04$7lIggGBE1xugdMk8u.RrOe6YcDG,17/11/2022,23/09/2021
gdenyukin4@163.com,7542107848,2a$04$2kp1qQxuRLUA22D.rMn3H.aSOqN,03/11/2022,11/02/2021
mgaine5@live.com,8835339138,2a$04$cG8T7eddm7ORFHeMWn71FOcyCfm,28/04/2023,05/12/2021
mmoxson6@shinystat.com,9439489588,2a$04$UAgahopSL/UtUpJ7XnWaBOIJbWa,03/02/2023,11/09/2021
drosen7@quantcast.com,3492070790,2a$04$8JliQgXs1Slq6zP5CrBQAeyRldx,15/08/2022,25/10/2020
fevelyn8@cdc.gov,9493406636,2a$04$Eb/c/KIq0M8.wJd.T8Nvl.7IdWb,19/07/2022,02/04/2021
hmatlock9@wix.com,9699010185,2a$04$qzbGy0PTswIJHdvy.8BfDeanpXm,22/07/2022,11/06/2022
rlavillea@sitemeter.com,9458624070,2a$04$KCWs2CPKChClcLvpGepV.OWQNig,16/01/2023,10/05/2022
dgrigorb@mtv.com,6446035253,2a$04$hQqRersWKCMT/qQyvyhOGOgNePk,22/02/2023,04/12/2021
aoldfieldcherryc@google.it,9124798432,2a$04$/TDKshsL1iXwXzjbhLiEO.CZpi5,02/04/2023,23/08/2021
phamild@guardian.co.uk,3963393190,2a$04$b6E8WSfN5O/QWJzDPyIn6eKoOfV,05/12/2022,05/12/2021
rscatese@mysql.com,2666665895,2a$04$LJq2A0mxWWuZ8dpstcAY9usTkoM,13/03/2023,31/03/2021
cjanneyf@harvard.edu,9148747687,2a$04$tAHOdcOC5tNcB/lKv12HxuP.uWM,25/01/2023,01/03/2022
cschimonekg@ucoz.ru,4393489715,2a$04$ih3eubm8.JHQ63rC1mEA8.fU8td,19/01/2023,11/03/2021
echristleyh@surveymonkey.com,6115569036,2a$04$J1tPqlKfSLBEpPaCGdYX/Oia7b5,16/07/2022,16/04/2022
lswini@ibm.com,6723379558,2a$04$sPkVtegNdcmlLWzKx2YGvu7vkrY,11/07/2022,14/11/2020
lducarelj@buzzfeed.com,1417488932,2a$04$iNPiVpylALUaUoKBeiI36OouwjQ,20/01/2023,17/07/2021
kbridatk@dailymail.co.uk,7619882220,2a$04$8SqaZokxJtS5dmRW.WyWru1j/Sl,24/06/2022,12/01/2022
tperrenl@unesco.org,1369457836,2a$04$1i63ffNb/zUJYtLfkmZODOPexnt,22/01/2023,29/09/2021
ggrimsdellm@is.gd,6375145145,2a$04$OiyDyvGNAu0P.6SAWf8Q7e1fBEp,25/05/2023,06/01/2021
dleverichn@i2i.jp,4427579419,2a$04$YIriRcRx.vz/XU8wgQWP8.yKh/H,14/11/2022,03/07/2020
sdanneo@independent.co.uk,2933754810,2a$04$J0fpzAqWHE7g0dNLR5lRpOaSCcy,18/03/2023,06/06/2022
ccristoforop@fema.gov,8977262645,2a$04$tw6EoC4Ri3IbkY9blM4rl.AAUfe,11/02/2023,09/08/2021
kkimminsq@who.int,3056003653,2a$04$V.s8gyaRhULRxArKAUKKyuZL3YH,06/05/2023,03/03/2021
sfabbror@pagesperso-orange.fr,3379794123,2a$04$28.4x86ae5kXiPPJakqoEe7s59Z,12/03/2023,19/07/2020
sducastels@drupal.org,7481827451,2a$04$g7qpOy01jnrmkU4gU6e4w.Aq19Q,23/03/2023,19/12/2021
rgirscht@geocities.jp,4604156977,2a$04$7pUwel/Xcvko2Uf0p4ET8ufcF3N,08/03/2023,03/03/2022
jgoddingu@themeforest.net,5573144560,2a$04$epsdoFOSZB.8Coz59hCdaeEu3Ne,09/12/2022,19/10/2021
nstaitv@sphinn.com,3252313026,2a$04$ySt0DMIZRx.pFWuNGWyrE.pHX0o,27/12/2022,26/02/2022
rtourniew@hexun.com,5341961950,2a$04$/1ceV6XNUq9vU/f8Q4lxFuBpHjw,01/12/2022,16/07/2020
amulberryx@bandcamp.com,2862405314,2a$04$zllh8jCaOKqASeJ7lzVZy.D12Jj,19/01/2023,11/09/2020
vnugenty@flickr.com,9804609117,2a$04$EyWIfDXfJUbPH7KH8p.z0.n31yp,16/08/2022,18/09/2020
rcroleyz@cnn.com,6684858384,2a$04$5ZCxywS.0qh1B9uJdmhs1eFKaaP,29/01/2023,16/08/2021
kbaly10@oracle.com,6645999012,2a$04$ZjCXatUBy7C9xCnBSduNfOowCbs,21/03/2023,24/03/2021
jpoad11@is.gd,3165634721,2a$04$PqyWBwfeOZAuSrOSLb/5meLkrtR,30/06/2022,10/11/2020
mcheyney12@unc.edu,6022575290,2a$04$iP9Fm401O46.YIPpfH5ya..zvj3,02/09/2022,08/09/2020
ewolverson13@dyndns.org,8259019710,2a$04$b4nY4hB6zywgKqSioTlAEeYjzq6,30/11/2022,13/02/2021
mmacellar14@infoseek.co.jp,7698388470,2a$04$nJ36Rcnf2u0wnBtiYzxwtuSjpRt,15/12/2022,11/04/2021
cpurslow15@msn.com,9012004298,2a$04$cx0dI.9RKhMqTEY8G23R7OoZZz3,13/10/2022,06/09/2021
rsandsallan16@usnews.com,2327480853,2a$04$MDv4yYyMkCFzlewVsXsJH.sXWpP,15/11/2022,18/01/2022
dkendrick17@1und1.de,5115767931,2a$04$Uo512vWs4sLTC.fRUscd5O9zgp.,11/12/2022,14/11/2020
dlundbeck18@java.com,8548052485,2a$04$wJ4HR70.weWDb4j6I4J9huOShMi,23/03/2023,31/10/2021
rworman19@princeton.edu,7262640826,2a$04$HQHovn.ksmlwFJkx2OOJv.afI0W,28/06/2022,14/09/2021
sdomerc1a@disqus.com,2461200719,2a$04$h8VEzGvCvJk1MoLKchbfQ.dQLvc,27/04/2023,05/04/2021
fsiggs1b@moonfruit.com,3074879522,2a$04$p61fEHwLnGksBerh/MSZ1eY7FQe,23/09/2022,27/12/2021
lgehrtz1c@discovery.com,8414925949,2a$04$HJfLFG/r9jSfzhtGA3Bkuu74KRY,20/08/2022,24/08/2021
bzambon1d@senate.gov,3735551559,2a$04$7e.nc0o1KEXxMwtO4nm6DOUx/gR,02/11/2022,13/06/2020
bedgecombe1e@elegantthemes.com,2598640236,2a$04$xjm657RYFd3m1FMezzj43OFQWSQ,21/03/2023,10/04/2021
pbrearty1f@wikia.com,6577228394,2a$04$997bninFri3ogM8E3Mby1uMKVsZ,08/02/2023,09/06/2021
agiblin1g@de.vu,1352106169,2a$04$9tInhteLqQFcUUs2RzdK9eJp0KK,20/07/2022,23/08/2021
dgendrich1h@slashdot.org,7566338761,2a$04$bUfFG6UqvWGCSyjJUkXxZOl78Ce,14/01/2023,07/07/2020
epennone1i@google.com,3799150852,2a$04$ycmfhUtsdMryxI67bSBVveFhIuj,18/01/2023,16/09/2021
cvecard1j@is.gd,3075249997,2a$04$Po2xdhsG5Fs72x3hMjRAP.fqKFD,13/06/2022,04/01/2021
dspelman1k@list-manage.com,7322343398,2a$04$vzcE/KaIRrxL/OrT5xvJm.EU3SW,14/03/2023,06/03/2022
apashen1l@opensource.org,8853380839,2a$04$SKxUMElB9w2Uw6cWAysf8ON8Ve8,12/06/2023,15/02/2022
ecadalleder1m@goo.ne.jp,1491555437,2a$04$nwlogPELAhCAi5WdQc1g6ugsmal,09/06/2023,15/03/2021
ebosworth1n@noaa.gov,9923317235,2a$04$DBzsGRohoSYuLY4zpUqB8eGlEcL,06/11/2022,15/12/2021
abeaudry1o@cnbc.com,6489554846,2a$04$CTrIh5/Va0IdLqL3viztOuQbUiT,01/06/2023,15/06/2020
lchittem1p@dot.gov,2116238489,2a$04$2ATQARKcR8kLG9ITMXboCeMJzkD,06/09/2022,18/12/2020
aborres1q@netscape.com,3776678712,2a$04$G9w1PhsFW./n1.hRkI0qzuRUNqO,07/03/2023,01/03/2022
mkinsell1r@marriott.com,3698542512,2a$04$RJHtM79uFTtfhTvJUeKnH.kkKE1,30/09/2022,27/08/2020
dbergstrand1s@icq.com,7851613372,2a$04$nOEuHKoYysvYhD3C8zb5AuOCNvq,12/04/2023,04/11/2020
lbraybrooke1t@ifeng.com,7755194413,2a$04$uFqQjgT.63g38wU9Hmb1FuPxZsn,20/04/2023,16/05/2022
dglasman1u@cornell.edu,2249716373,2a$04$TtDXnsUunPQe22oKrf4Lf.1jO6R,08/07/2022,05/07/2021
rdesantos1v@utexas.edu,1032232105,2a$04$142IfpM9vlpBHjtrS3r2JupxJOV,15/04/2023,17/11/2020
blineker1w@blogger.com,5787988426,2a$04$TsjrKl5qg.p64xGgIgw8f.4I1iN,25/11/2022,20/07/2020
cdanielski1x@google.es,3497799642,2a$04$N1tLAqZtBhu3StRYICJZpuYhGAu,01/01/2023,01/02/2022
gmagnar1y@psu.edu,1155284944,2a$04$vxm1tv3rVUxcj9oxA9fWce6yW.x,08/03/2023,05/12/2021
aoxberry1z@mit.edu,9635582109,2a$04$aXkva7VCxxQrunUjH6aQquCweRy,15/10/2022,17/07/2020
fgrocott20@themeforest.net,1324350809,2a$04$F2jfTq09r8n12eTlvY3UbubbR83,17/09/2022,31/03/2022
jdonnel21@auda.org.au,6343455681,2a$04$AUysy0SQh9Yjv9aNOvI6texNaQt,15/03/2023,14/02/2022
kbladen22@photobucket.com,8907040993,2a$04$rtGu.DWwn36GBO2u3PNDjuqNBaB,22/07/2022,18/12/2021
mingliby23@issuu.com,9592547573,2a$04$H05othaNQTC3NRLupVIOk.H.M3h,19/08/2022,18/10/2021
efewtrell24@accuweather.com,4749058674,2a$04$wjnle3wd61uWYe2fx3FduOnBt8R,03/03/2023,08/02/2021
dalessandrucci25@va.gov,4918877154,2a$04$XbZuB9PEjm8GSidb3ugWG.fJjRi,29/03/2023,07/07/2021
cskates26@dion.ne.jp,4306865876,2a$04$1PeqBnIlu/ibg6Akid8lA.5KDCM,07/01/2023,16/02/2022
rrookeby27@ebay.com,4351621588,2a$04$UyxzpV9bp5fXhiHiUXXdcurUs9i,21/02/2023,24/05/2021
ccotelard28@sohu.com,2748063781,2a$04$bfwlFuapWrYBA.OzJMOEue0MXDV,03/05/2023,10/12/2020
bmalter29@nih.gov,3384562296,2a$04$tRzvnO0hdg5.XitW7kyg7uCkMZd,15/05/2023,23/05/2022
bpagan2a@unc.edu,9146184272,2a$04$b5/2Fl30xDW9A5l3t7xPfO2ewK0,06/06/2023,10/08/2020
ecanero2b@bbc.co.uk,3698132820,2a$04$xqbXyP53Ybfal3dTak1WcOch9r4,23/02/2023,12/06/2021
bkohlert2c@ihg.com,5802779401,2a$04$Hnd2smzzLOLulGpY5b5MjuCMD75,29/05/2023,07/10/2020
wmogenot2d@cam.ac.uk,3033537387,2a$04$qUGTEu0Glj.Yv4VTidEgU.YDLSP,02/10/2022,31/03/2022
esearby2e@ehow.com,3932832382,2a$04$/zsYzxBRroAWkB5mqikme.forfb,17/09/2022,11/08/2021
aterris2f@wikispaces.com,2697388682,2a$04$RRp3tzz5mMoLK9YDjqdZoOfqnFU,02/12/2022,05/03/2022
hmildenhall2g@comcast.net,6449889044,2a$04$kACi5q21ikqb4T0TnPAp0./Hm4Y,13/11/2022,28/10/2021
fpriestner2h@forbes.com,1964601229,2a$04$aX.K2yGGOoZUPwC/NaS5w.Yja94,11/10/2022,31/07/2021
tniblock2i@clickbank.net,1459510757,2a$04$pD7LYzhTvZiBO7I5ezjAA.gJ13B,09/09/2022,16/06/2020
dsouthward2j@joomla.org,1804445853,2a$04$d.UfuRpGyoTvLDUqkxm2K.ZMGqa,28/10/2022,14/10/2021
waleavy2k@hc360.com,9363639201,2a$04$E.GwzL4K2Y170xOTj8BkjOnciY0,02/03/2023,25/10/2021
nswalwell2l@seattletimes.com,8641270660,2a$04$dRv.H6M8OiLA.Rll9rdPR.HvaRn,17/10/2022,05/12/2021
glorenzetti2m@umich.edu,6773845511,2a$04$2UDSCIH/NdseSZl9K/tBcOkcKdQ,02/06/2023,23/06/2020
dguidini2n@trellian.com,2984491739,2a$04$ptY.5MBmGOnFZeZDafNcvuH4Xpo,11/11/2022,12/08/2021
hdagg2o@freewebs.com,9543829571,2a$04$7DTCKU0oA4DNz8dPnlU//OLHD/i,14/04/2023,26/08/2020
lquernel2p@guardian.co.uk,8525990226,2a$04$493/RW5t66Y7SR.AqhAC9eYeqtM,17/01/2023,05/09/2020
swaghorn2q@sakura.ne.jp,4327842348,2a$04$Ru6j0Q7KYf2BpOmc7VlWq.2DpU1,01/10/2022,26/03/2021
bkinver2r@de.vu,5059532226,2a$04$Mu/zzGaXfttHIk1pEM0lXOGK0S5,18/07/2022,08/07/2021
rglencrash2s@cargocollective.com,4572123023,2a$04$jN1rT.wDH9SgAs5jr38QueD2UOY,29/06/2022,20/03/2021
etranfield2t@sourceforge.net,6551687638,2a$04$2uo9mS.mVCtIm08/SHInFu3d9r7,12/04/2023,17/12/2021
gdalyell2u@webnode.com,4436809194,2a$04$JFiZAXE2CAeL18tTb0eR5eScKpV,02/08/2022,13/01/2021
ssnoddon2v@prlog.org,8098022937,2a$04$E8sPO7B9A2C1kohOlKh/m.je8h.,26/10/2022,16/02/2022
bpervew2w@mozilla.org,5868274275,2a$04$Ih9Nwn4U3dLyzy2WUtZ7L.97g5T,12/09/2022,13/12/2021
jschimek2x@ucoz.com,4982213455,2a$04$gUSvwWY6kFNGNXKuHLV0TuADW96,01/04/2023,07/02/2022
khaye2y@phoca.cz,1853973286,2a$04$w3BW4ePeuORdyDGW7/qisOqvCsT,25/02/2023,06/12/2020
nbrigstock2z@miibeian.gov.cn,7869697521,2a$04$fQ9swBCJPowjEdyxcApye.Kj5O7,07/04/2023,07/07/2020
gwarrington30@geocities.com,1021916561,2a$04$a/PvhyOFzMExRadlHS580.R8UL4,31/12/2022,05/04/2021
vhowler31@usatoday.com,4808840707,2a$04$QfR3tCEAzig2ikfNDPb6H.R6T2e,22/01/2023,30/04/2021
flafoy32@prlog.org,3422442507,2a$04$8pilg53XiJtWEBN1qYu2LOnOVtw,09/11/2022,26/09/2021
wmendoza33@cnet.com,7023933975,2a$04$39jT.gRAxY4b6TaJyXe7HOVRhkt,02/08/2022,04/11/2021
mnorley34@who.int,1541910124,2a$04$K9Xp9sB6MIr6WsV3AiQ.AetImIl,05/07/2022,30/11/2020
jkolis35@si.edu,9076981947,2a$04$P3Fg3Jl2yVGZhi/HbJNCeuRPeKc,10/01/2023,27/04/2022
alabitt36@geocities.com,8701390151,2a$04$K8//DdsiM2HXKrgdxVnZGuzGE9O,25/12/2022,15/10/2021
ecoggell37@google.com.au,5909433828,2a$04$KhSz6Sw..uKnBATsRearP.n1x5a,21/03/2023,02/05/2021
iperocci38@creativecommons.org,3721544600,2a$04$I.3oyVMOIPICzbYKWPEElOxPhLx,28/11/2022,18/09/2020
tvedeniktov39@sitemeter.com,8954582758,2a$04$4tl3Mic34jbFKbRWMjIyLuwItM.,24/07/2022,20/02/2021
kkelbie3a@clickbank.net,1584462296,2a$04$9TQNNQRg.sDsYg.WLtYDqORLFCg,12/11/2022,01/10/2021
ssimoneau3b@unblog.fr,4404319539,2a$04$G//D.VvtmqRRVXL5eWzxXOpLyfU,20/06/2022,08/01/2022
arenol3c@blog.com,1281273597,2a$04$Se.r0bSTLcz8IT7IZ3wuGeyph8V,15/10/2022,09/09/2021
dlloyds3d@cnbc.com,1227618537,2a$04$rAzXb/zL/97dDL00FXenjuWFxxN,02/09/2022,07/10/2021
bkitchin3e@topsy.com,8299033550,2a$04$oeGZqaDd796O6Vyt96clkOsppwj,06/12/2022,09/04/2021
tmaginn3f@ucsd.edu,8916476144,2a$04$Nyc7f0h6heI/NB318J7heet6mCr,29/11/2022,28/10/2020
jmcreidy3g@theguardian.com,1046761909,2a$04$9GQxk9gCykIxoyad3MtYleHe8RF,29/05/2023,11/06/2021
ghanway3h@creativecommons.org,5818926728,2a$04$51YWK5MOHapusacX3z1ixubuUyF,23/12/2022,24/09/2021
jsecrett3i@elegantthemes.com,9085199516,2a$04$yJgVDk6qwBeNJToOVr10q.8ZA4a,14/07/2022,13/05/2022
hrawood3j@vkontakte.ru,3234915590,2a$04$xEx.RPIjtKwz3n2zrNLR8OpeUkn,15/07/2022,13/08/2021
cbrechin3k@amazon.com,7053439801,2a$04$n77ZgFu.1ShkWzxDEomj9O.mMvk,30/11/2022,28/07/2021
larzu3l@last.fm,9234934816,2a$04$XmkF2cgmYFGpbh2w0HIHEuRDLUi,04/06/2023,29/07/2020
bdufore3m@vinaora.com,9998509764,2a$04$IRuzUZIybYCMHK0IZwB9w.adTvn,03/06/2023,22/09/2020
mmardee3n@bandcamp.com,4933715633,2a$04$ZHwEKVTD46JyQfDPAwCF.uYWXm2,05/08/2022,23/06/2020
lwickstead3o@wix.com,8405247484,2a$04$SOKtk2tjkISgeqpAMUxrKO0mxBK,05/02/2023,17/11/2021
edarridon3p@bing.com,5873910696,2a$04$92IegsE5OVsWnss1D3tPNOrI4iw,01/05/2023,28/08/2020
kstafford3q@themeforest.net,7808717281,2a$04$PtrZjXms7wY1L5dhZn4qLu6nm.R,27/01/2023,21/01/2021
bcomport3r@ustream.tv,4507796217,2a$04$OjQrgwP7CW7F/W5RNVOl7uSRLfR,07/11/2022,19/09/2020
dbenneyworth3s@vimeo.com,6103658271,2a$04$73vpDwGy3CHUPraZzASzvO.lmXf,22/11/2022,14/09/2021
abonner3t@twitter.com,7717136816,2a$04$aLDbrNVPMWMueaIB7x0ateU.Bzr,07/11/2022,26/03/2022
rlehrian3u@privacy.gov.au,3254375720,2a$04$NOfAxB5CNRxIAXIgvCvOJeicI/e,05/06/2023,28/06/2020
tcamillo3v@reverbnation.com,7532351617,2a$04$WFETuMnW8CHrt6le71bt0eY/L3W,15/09/2022,16/11/2021
abradder3w@moonfruit.com,9408886765,2a$04$C1.64hxUIEKYofda6pNCoeWaQty,03/08/2022,22/09/2021
rmacdonough3x@wikia.com,4852011292,2a$04$sxJIrHJIRXWiDILNDUmmkOgpxQN,18/02/2023,25/02/2021
emacnamee3y@mlb.com,8706564154,2a$04$T4C38dllfUUwtf8/9JcALe1k4EA,06/09/2022,20/02/2022
aputten3z@vk.com,6016073089,2a$04$5eIPP/VZ30iJGZ3QtAzWueP0pmE,02/11/2022,06/11/2021
cskone40@zimbio.com,9498272571,2a$04$DAaxxlDXJ0C4DBRIycYTYe0DSM4,26/01/2023,21/06/2021
tgoodsir41@dailymail.co.uk,9682319035,2a$04$yL4QNCnT1t4iLr9vBfQyeeU3U/d,20/09/2022,05/04/2021
mdangeli42@mac.com,1079302463,2a$04$y07/hU2veDliRP49JlQ6F.ezUeS,13/02/2023,25/02/2022
mfinnes43@reference.com,9199574868,2a$04$PMMvc0z9ZLtOsH91CAJnme.9AYZ,16/05/2023,17/05/2021
mseydlitz44@nydailynews.com,4288604474,2a$04$kt72Wc50W/mdXICVTSNY7uqJdBZ,27/06/2022,18/07/2020
gfandrey45@cnet.com,4542260651,2a$04$6JZyUFtbhFxtvj02OU/4z.hoR3F,05/03/2023,30/11/2021
rdensell46@bandcamp.com,4973908889,2a$04$E.nfBtX6CN7MUWId2v7Cn.QPiGk,23/12/2022,11/10/2021
dflight47@marketwatch.com,5918475370,2a$04$TYEUOHZqIeyI2ozdq55ja.4sUwr,16/12/2022,07/10/2020
hmarchetti48@360.cn,7414219618,2a$04$HUAVWBkQnW2UBext5G6SNuG8EG/,18/09/2022,28/02/2021
khannah49@yahoo.com,3958143822,2a$04$glQOWzWmngNJ0gBWckFMpewi3J0,31/12/2022,24/07/2021
jheap4a@cdbaby.com,6966605188,2a$04$LDmy5xONLSjZUqCwqTVrU.by1yi,16/11/2022,11/02/2021
creuble4b@guardian.co.uk,2689609387,2a$04$4e6OVkRSu1FNmP3YiWVExeRJnfb,04/05/2023,30/10/2020
hvanleeuwen4c@unesco.org,6428348677,2a$04$wcoq/pSYeuM58hBH8AJKuOjZE0N,24/10/2022,02/04/2022
dstollenberg4d@washington.edu,7361438489,2a$04$yV/sveYJ3Hgyv24XiUsY5uJG2ww,07/01/2023,21/07/2021
sethelstone4e@china.com.cn,4673042339,2a$04$w9RqILejJybG90Qvk2dPme1JErB,10/12/2022,09/07/2021
ccolleton4f@usatoday.com,2917939716,2a$04$zLLDt//f38YjiBp7aNNm7u01rc8,31/01/2023,12/11/2020
kburnup4g@java.com,3466033845,2a$04$dG4UY6IgMDRr6y8Aqoxq3.x9qYn,29/07/2022,21/03/2021
smacskeaghan4h@rakuten.co.jp,7557123403,2a$04$ddjLVVEH09u8mFt4lysJO.XBTRg,26/11/2022,07/10/2020
dtoten4i@biglobe.ne.jp,3747039909,2a$04$1PL4WeOZCtVNoReB.dVMkOegNtD,12/03/2023,26/05/2021
nhartrick4j@kickstarter.com,6504485050,2a$04$IYzqeizv2ucQ82FiwXaDT.Rb1I4,16/09/2022,08/10/2020
alardeur4k@icio.us,9426311668,2a$04$Z0qpBqKgOlfoqbz6t0vA7edh4SP,14/10/2022,12/12/2021
jdomenici4l@ftc.gov,4484223549,2a$04$fX9ZpVhHRNhdNK.XW9Qv.uKYof8,16/02/2023,19/04/2021
mcristofanini4m@hostgator.com,6157904477,2a$04$TolKONgxBkf1Vicw1sydluIDXaK,15/12/2022,09/07/2021
mokenden4n@exblog.jp,6454063335,2a$04$DFyiTSlO4RoFQjU.4M2D8uLUCCG,27/09/2022,02/03/2022
hturban4o@craigslist.org,2695847242,2a$04$0xU62CD06vi8ay6HvICeY.RwAnB,17/05/2023,16/06/2020
bsamms4p@friendfeed.com,3376554755,2a$04$ytUSW0YtN16ePMv7OocvnOzCzxc,22/02/2023,21/09/2020
naleavy4q@woothemes.com,4448428066,2a$04$pKRvxQkDbilP.2FXPitQaeWlQhp,27/06/2022,15/08/2021
adehailes4r@techcrunch.com,3316510265,2a$04$/z5EUqTsztsyxj8x.1Vv/.F/xLo,09/08/2022,06/09/2020
pzelake4s@epa.gov,9114061185,2a$04$wnL50Z9TrP/gEynFIjm2KOcjQ.a,04/09/2022,28/12/2020
jtaberner4t@surveymonkey.com,3952746140,2a$04$99k6liS7qgo1Y8Ngeiuds.8VN3a,18/12/2022,23/03/2021
rvasser4u@zdnet.com,7808303811,2a$04$2s9JzCGO9bCVGLrWSo2IBuYBWXB,01/12/2022,20/04/2021
cicke4v@rediff.com,7228232495,2a$04$tezGlRVKJu.NJ8CRjI13fO2mllT,28/12/2022,05/11/2020
gmoger4w@drupal.org,9189432698,2a$04$zfGHb2GIXDJRrIUWZNvZFuQ.zWO,25/05/2023,17/10/2020
nhulance4x@shop-pro.jp,1397260356,2a$04$5NYK5htZ254uP3TwsgmB4u0FSiH,06/05/2023,03/08/2020
ldeandisie4y@tripod.com,8623197844,2a$04$flbjaT5jrK2xJ2WEeopWL.xtST7,21/07/2022,05/05/2021
mtorresi4z@sitemeter.com,5108232942,2a$04$F6rRcz15.wDgbLJg41fGMOXV4uU,22/11/2022,04/01/2022
cleahair50@dailymotion.com,4313514823,2a$04$Gk9NQ5va04UkS3hjysJ9Ie.4J8/,20/04/2023,22/04/2021
cpurkis51@sitemeter.com,6086158806,2a$04$OPgiSZWUCIFqdMrigARPQuOaRpe,19/04/2023,29/09/2021
creckless52@si.edu,7767319446,2a$04$QP7hlzMamfziBEv3xyVx9OBC7BW,20/07/2022,17/10/2020
rmaccleod53@diigo.com,3141182097,2a$04$T5LsmvvNWZNlBldp2k.Sv.YPV2X,14/08/2022,27/07/2020
aabramowitch54@bing.com,1732540092,2a$04$zf/mU91O3.krtIiSzogqlurtqw8,13/05/2023,25/12/2021
rsommerville55@house.gov,3601573218,2a$04$BAHixBqGP7KQtZD3/BvEVOH4fGu,13/01/2023,27/11/2021
uterbeck56@reference.com,1598661143,2a$04$bDSowChZuAqtGm23Zb7Umu8NiU1,31/07/2022,18/03/2022
dgrzeskowski57@youku.com,2952904907,2a$04$xkS3rdxsuycWdJWV3jtqHuN9ADL,18/02/2023,20/08/2020
gbeton58@dedecms.com,5206112580,2a$04$lXuMptRF6Rir/ROGghrniefnSfY,26/09/2022,21/03/2021
rkincla59@biglobe.ne.jp,9585708010,2a$04$Ak6X6N/am/QdKf1vqpm9P.G0nGi,23/05/2023,09/05/2022
coaker5a@si.edu,6312614714,2a$04$6M7KlDI5z.PvLgZVHeSFIuAD9IS,29/07/2022,14/06/2020
astearn5b@zimbio.com,6499215041,2a$04$LKDAuXhv4nTYioC8Zn4rXOWjgJA,27/04/2023,11/08/2020
rmatityahu5c@bing.com,9991614824,2a$04$T4bgFyGj8mI5wIc9nqhGNeYDGl4,06/12/2022,03/08/2020
mthurlow5d@uol.com.br,6065347478,2a$04$VF818.fSPvXv6pbNoujewetA.8C,23/04/2023,09/01/2022
ltuckerman5e@flickr.com,4719121613,2a$04$fKU5yMzRHbVaaiCenLLASuhn07x,03/07/2022,20/02/2022
rbutten5f@miitbeian.gov.cn,9926028914,2a$04$JyY.9PBmVsBK8D9Rxmn2GelPAqZ,12/02/2023,15/06/2020
rduchenne5g@technorati.com,8674892809,2a$04$YED1vH6QxF.QDhwn41SwaeuoNRy,08/09/2022,04/11/2021
schamberlain5h@netvibes.com,3428925521,2a$04$8Y07CZNAqcVMeyT0AmPNB.LIOHB,22/02/2023,07/01/2022
yrubury5i@skyrock.com,9081959485,2a$04$Crlm0PAtfWezoRNHEminoOYwLVj,03/09/2022,27/08/2021
adansie5j@elpais.com,6311458617,2a$04$RQ58CkhrH8CJ1YK00lEqw.QVIbA,23/06/2022,04/05/2021
jimesen5k@ifeng.com,8656619292,2a$04$0e5eV9LRAG9nraQOp3I1AOvEzji,06/04/2023,29/08/2021
edootson5l@sitemeter.com,8688842310,2a$04$Up7v.DPfxuYijaYPWDwVLOfGTGu,14/11/2022,31/01/2021
dcumesky5m@wikia.com,4481716861,2a$04$I4PPyHTZBphfKtm68KqYzONtFBV,01/12/2022,06/05/2022
mgallant5n@reverbnation.com,6734593610,2a$04$Dc49wUxEIexU5SDCA8DpuuWSpOD,11/08/2022,11/06/2021
jthebe5o@bing.com,4659848640,2a$04$.xgRUgS6epQGeTfw.6CYhulcjtm,24/12/2022,31/03/2021
jdeaves5p@istockphoto.com,4741109201,2a$04$0uO32iBwmd4jQhj9E7yt7.ZHiqB,08/06/2023,26/10/2020
bhanalan5q@bloglovin.com,8823197440,2a$04$oE6PEO.l3cUcuXJLcL.rdu36R9h,09/06/2023,05/06/2022
wmarklund5r@dion.ne.jp,8302585392,2a$04$EvJroNL7y2cAJMbLG160rus3wKU,15/09/2022,15/07/2020
canfonsi5s@chicagotribune.com,2597225405,2a$04$QXN9rxXHYktgDPqVD/qb4uM559r,23/07/2022,14/03/2021
blippard5t@yellowpages.com,6198000092,2a$04$s8vzXySnAtT5Xr0qABxMuO7Lxm5,24/09/2022,09/03/2021
bsciacovelli5u@nature.com,8943163278,2a$04$9vmsa7.1yit4yn1WRYyEtOTlzJp,21/10/2022,01/09/2021
shand5v@google.es,2453277010,2a$04$f2eSBFHYExQo5NgN4W2V8uj8fVZ,19/08/2022,01/11/2021
llineen5w@unblog.fr,5955012252,2a$04$EUWapz2v/95LVh2.jrNW8OVEoDK,27/12/2022,26/04/2021
srogez5x@ovh.net,8086789195,2a$04$bn7KYGmkSKCLcoPYh0rDfuO/gLi,18/02/2023,19/01/2021
jboggers5y@booking.com,5239620135,2a$04$wY1yho1iyGoXlffSRwfMdeGqpK8,26/12/2022,26/02/2022
aleigh5z@admin.ch,3062666962,2a$04$atTRuEj3WVbVNlxX6iV.e.g7vEb,28/10/2022,21/09/2020
jambrosch60@over-blog.com,1107236581,2a$04$Triln9ks2RcyUitxnXTAU.Ub15B,11/01/2023,13/04/2022
hbounde61@google.pl,8025513344,2a$04$hACMCt0eqJfVNOHvd1KzWuibKVY,01/03/2023,17/10/2021
mthorby62@senate.gov,3591841495,2a$04$FlLh17.7PytHKBHSlCg0HOckvgZ,05/05/2023,19/10/2021
pbywater63@xrea.com,3265213249,2a$04$26VZySNu2CgmviCSHRf81Of6g2.,27/02/2023,01/02/2021
gezzle64@google.com.au,6332689388,2a$04$gAeuesg120E9GcR3ptG75Orqidb,18/09/2022,27/08/2020
kgilhoolie65@bravesites.com,8278733220,2a$04$v27D2YgGOQRy67ugSCi0Q.1vG/I,07/01/2023,03/09/2020
iroan66@sakura.ne.jp,4582381814,2a$04$NSQlS.3Sn428cLtZ4c2X3egGRON,07/12/2022,25/09/2020
gvertey67@istockphoto.com,6701873590,2a$04$xxVyhwBlenF3TdPs32x8GeNbC4b,29/01/2023,07/01/2022
tlittler68@prnewswire.com,2128684121,2a$04$LJX7uAYGAVLAd2T59E7xTeKLHXU,23/06/2022,03/08/2020
nberrey69@forbes.com,1526812740,2a$04$fPhBQiss9TR9UNZBzoZRjuR2T80,27/09/2022,15/04/2022
jolyff6a@netlog.com,1449926435,2a$04$J6gbe7uJ22ojLGUqOhlidOytbs7,12/09/2022,08/07/2020
ibewlie6b@i2i.jp,2839367200,2a$04$2EgqpHdiMSifYMZALYKvYu9NMaE,18/03/2023,26/11/2021
rbadger6c@dailymail.co.uk,9395411294,2a$04$gWx1KdDMTM/MbPmctLC3l.vAwqG,07/11/2022,19/02/2021
sscragg6d@washington.edu,9279377800,2a$04$//lV9skhEnN6L09t2Di.b.ZRQNQ,01/12/2022,11/07/2021
fcutmere6e@yahoo.com,2616381016,2a$04$agYyJWu.br4e.lPnywC9gua.Eln,26/11/2022,10/02/2021
lbridgwood6f@bloglovin.com,7093704255,2a$04$gI7BCsttAOCMHoHE8jYvauaw8ix,22/05/2023,24/08/2021
blister6g@cargocollective.com,8078653585,2a$04$u3Tl3zuvHyoJ51yO6upmieaaUkx,09/09/2022,02/12/2021
gcossey6h@theguardian.com,9824013754,2a$04$S1MrH6bbqtAmC3kMAB4RUuZO8rL,11/02/2023,28/04/2021
uolczak6i@opera.com,6752984316,2a$04$469k0vYPndFPRFZXhz.F0.C/yfI,05/03/2023,21/01/2021
csherewood6j@bigcartel.com,5744085130,2a$04$Pr9lfvxfw0Dg7CUPLF5nsuYlxvv,28/12/2022,02/12/2020
bnicklin6k@nydailynews.com,5087959659,2a$04$WPxJsKYwNx/w7HR7DrtXn.ZDplZ,08/05/2023,26/10/2020
usotworth6l@facebook.com,4897939600,2a$04$y1gh3DsV4SdmBc0uQaDNpOiao/W,27/05/2023,01/09/2020
gcoetzee6m@nature.com,9124398000,2a$04$K110rGpSx5PO9Qfd7gssruruBjO,17/07/2022,14/11/2020
ewestwood6n@techcrunch.com,2748923101,2a$04$H9eevI2xN3vBZO.SRg9XaOnZBBz,28/02/2023,07/01/2021
chorrigan6o@wiley.com,3203789277,2a$04$LCrsmwLeYT56N5YzTuomouREUNr,14/11/2022,08/09/2020
wdykas6p@webmd.com,9373695471,2a$04$vAKmnnLprMnd6yZafTbx9O0KL8K,25/01/2023,05/03/2022
bhort6q@flavors.me,9053306054,2a$04$H.kU4E4A7SJ6nd.uWkdWxuFbLc8,28/11/2022,30/10/2021
arobeiro6r@webs.com,8671353774,2a$04$v5Eoe4Q2d9eR42mpdkCJc.aN3Pr,11/11/2022,18/06/2020
csuermeiers6s@telegraph.co.uk,7545882732,2a$04$GHYcF3acqc2x8l4XkgFzLOChk6G,26/04/2023,18/01/2021
jmasters6t@uol.com.br,4071420910,2a$04$t2pzsHvmRFtch6/1A/WqT.wQs/A,31/07/2022,14/01/2022
ekerton6u@ucsd.edu,7553111182,2a$04$aCq1WR56qpVgzNIuhi2c9uM/79u,22/06/2022,09/08/2021
olampe6v@princeton.edu,9551824602,2a$04$G7VplvMl4RQUiKvpsE9v0utrHPL,06/01/2023,18/06/2021
niowarch6w@ovh.net,9681571185,2a$04$yrbMpNm56tMIpWoecENB0OPy2MD,14/01/2023,18/02/2022
rmulhall6x@bbb.org,4473009586,2a$04$COZhHhC.rA/D3ODwMKz7feLnp3w,03/07/2022,13/04/2021
jlamasna6y@noaa.gov,7065933426,2a$04$ejwwyVCPBuOUN7cKPPxFruR.Ws2,06/08/2022,29/10/2021
gpandey6z@youtu.be,9474188526,2a$04$oIoQ5FqC4Boi9HPrgT8SbeqpoZn,17/09/2022,30/03/2021
rcastelli70@cocolog-nifty.com,5594576091,2a$04$bEftiBUrb4yDfOPxHXDXe.9MlW8,15/11/2022,28/04/2021
nzylbermann71@oracle.com,1864911502,2a$04$hyuAhjSfxRusUKPBhPh.3.GxX6k,02/08/2022,16/10/2021
mkatt72@marriott.com,2955261053,2a$04$HJiZa.5RKCk2YYTXc3Loy..doZk,30/11/2022,22/02/2021
toven73@histats.com,9485107542,2a$04$jPHy.NtmsB92P4O7/uUTruwL2Q1,27/06/2022,09/05/2021
mtander74@wordpress.org,4227772590,2a$04$lWrCfkkp6n/PMMPqroMEbuF2ywF,29/08/2022,31/05/2022
jgration75@illinois.edu,2866339578,2a$04$hD/mu35xGAnl4M1G4COcAu.4JWD,06/12/2022,25/10/2020
tbowld76@pbs.org,7532931035,2a$04$mGnd1/MRAuPF58wqJlMm1ue8xId,04/04/2023,09/12/2020
emanie77@springer.com,4128891185,2a$04$i.3eZEBnSZjR4VnwFDpM8OcH1DD,28/11/2022,13/03/2022
sbeininck78@wiley.com,7396519253,2a$04$XO5gtGFxgDVNMpttAgMswe4HdQQ,27/03/2023,21/04/2021
bglenton79@noaa.gov,8802000351,2a$04$z0P1MAUnqPlbZHNeTthJS.6NbpN,23/03/2023,20/09/2020
rallmond7a@senate.gov,8315006240,2a$04$BFtilPSaJ6WVPN5zAqfVXO0f5QH,31/05/2023,20/05/2021
chaglinton7b@goo.ne.jp,9832107976,2a$04$cY4HF69Uor5Gi8pj7KvLa.20a7G,20/10/2022,23/06/2020
hbrydone7c@unc.edu,5115163414,2a$04$8lXnKPXYIIR1lYSR5KSfEOjHpHQ,22/11/2022,11/12/2020
ipeat7d@weibo.com,8131432014,2a$04$SqUsMUXF6wcys6G0.PCI6.Xtvbs,17/03/2023,22/02/2022
lpearmine7e@google.com.br,1032909392,2a$04$uNGbUmPj1wvgHrgNfBhGje0GEdg,31/01/2023,05/01/2022
vrocco7f@unicef.org,1133784159,2a$04$cwLUOKxYyTyeIlKy7uoMNu0aayr,08/02/2023,04/02/2021
jmordin7g@cyberchimps.com,8787071443,2a$04$c13zSbc90mhr0ki5U7fs6eOXVCB,20/01/2023,15/09/2021
lbaccus7h@marriott.com,2899601035,2a$04$bMNJ7olO7IlUvoNI8HHjfezfuv7,21/05/2023,25/08/2020
jsarten7i@purevolume.com,8002691660,2a$04$3xqsb65rZFeVbGrSK9RTT.R8LRh,14/10/2022,24/08/2020
esunley7j@linkedin.com,9248972827,2a$04$dPcljBf38bmgtr3XIVdUTOkOfjO,20/09/2022,27/07/2020
flilford7k@cornell.edu,6102114889,2a$04$45jJECUsCtTApUrl5mhPf.d5yYH,03/08/2022,13/03/2021
kricciardi7l@nationalgeographic.com,6991402122,2a$04$2GgqtAV6UP3aG3RO58Q8fuc1Fwj,22/03/2023,12/09/2020
gprettjohn7m@gmpg.org,5745775071,2a$04$tz0wZyxjP/wkT7laTTqAZOulIde,05/08/2022,27/10/2020
mbrader7n@usgs.gov,4209352391,2a$04$gGraUI6zcqS30j7XQIFKM.LoSSw,03/01/2023,12/07/2021
kcharley7o@hibu.com,2453930190,2a$04$8mgiG1INs.qrlxX0MhlrI.Bkots,08/01/2023,10/05/2022
apallis7p@nyu.edu,7116447755,2a$04$NEO7zrvT8DcBKieQsGfux.nejaQ,17/11/2022,06/07/2020
dgeertz7q@amazon.de,6328208392,2a$04$4VAa6p6gquozFT.A5tzfv.mVd9G,29/08/2022,18/05/2022
adawson7r@wordpress.org,5219106596,2a$04$Oxn8OXP64DqfToRKKOnfWejK7n4,23/10/2022,23/04/2022
wdomke7s@noaa.gov,1715422986,2a$04$BEfCF1wuVp42ooNIltA5X.QuU1X,02/08/2022,29/11/2020
cdorrins7t@auda.org.au,9652324949,2a$04$2EFCI4AaWJShrRHuYGM6c.TJnP9,23/10/2022,27/08/2020
cbeccera7u@seesaa.net,2528971689,2a$04$lmmPWtG.0xxw8/8zp/JaSu8xuHL,15/03/2023,04/05/2021
chairon7v@diigo.com,7004937503,2a$04$rGMp36rgK4naw5n5haCoVurdUNU,09/09/2022,28/02/2022
dwatt7w@yellowbook.com,5497745193,2a$04$bBsUHfCpLbV.Rcq5PtPNvOe1WAX,01/06/2023,04/07/2021
bmcelrea7x@joomla.org,4697162133,2a$04$/TSjhXqVKUn3V4D4XfYtNOA9Qhi,06/08/2022,13/08/2021
tmoneti7y@free.fr,7358310369,2a$04$7CWXqc91o2089bp1uBYu9eN3hr/,21/10/2022,23/06/2021
tsingyard7z@bluehost.com,9657478701,2a$04$U3NfwGP14rxfRUatZT5I1eKk8Yw,26/05/2023,05/07/2020
bhunn80@odnoklassniki.ru,1534475333,2a$04$KD/rPZxZ9KELrFemaABLIeMRY4L,01/12/2022,16/11/2020
lgaskoin81@istockphoto.com,8109588906,2a$04$JB3bCLpIOd/iMrxTE1M/Ge1Ka16,04/01/2023,25/02/2021
abrunon82@unblog.fr,3594550654,2a$04$6XiWnwbnlXsAxtSU0G0WtugbgSv,27/05/2023,02/07/2021
ashout83@rambler.ru,9168363324,2a$04$./Nfyb6zOXhDqKWF409RJ.rxAxb,09/07/2022,08/07/2021
lgainseford84@cbsnews.com,5245481577,2a$04$YOaxZAW2LyyPZjro.ZP59ezZO.x,04/02/2023,31/01/2021
rkubes85@bbc.co.uk,5315891034,2a$04$xRipO04JpwpXpOKvEFDXnuAp91X,26/08/2022,05/10/2020
dkerry86@youtu.be,1429713839,2a$04$BUvlM1/npNozKVs/Jbo0ieORXVp,03/12/2022,13/07/2020
vcapstick87@163.com,2729612060,2a$04$cs7YUz0NFQ3OmabdkQqk4uspJFD,23/01/2023,29/07/2020
croon88@bloglovin.com,8292007140,2a$04$fkSXa4sVYn/vS1oib3NQMOKDB20,13/05/2023,04/07/2021
sspadeck89@ow.ly,2517121257,2a$04$t6zlfQo/ydLMegUt6QjRaeGJoeM,07/02/2023,13/12/2020
prablen8a@nih.gov,2349234679,2a$04$po90P1Hh7.icRnmd.cYxEu3AUWr,05/08/2022,04/01/2022
akorba8b@histats.com,6303312980,2a$04$fN2Iq27p.0hIs4/oWcTX5.q356p,16/06/2022,02/10/2021
meverington8c@wikipedia.org,7517098745,2a$04$pRwUp8JGADTXhPyvRPClkuJe5fa,20/06/2022,22/10/2020
cizat8d@wsj.com,9705016156,2a$04$lGZO19INgikBLtdH8Y/JHeu3i5U,23/08/2022,15/01/2021
bludwig8e@creativecommons.org,3275678562,2a$04$ubv7..hqaOxNVYWRDjEMCuif0UC,01/04/2023,17/07/2020
psudddard8f@studiopress.com,2232999712,2a$04$DWYwsQYWjbnEcWqYDnutwOizkWf,11/01/2023,29/08/2020
gflitcroft8g@adobe.com,8391342187,2a$04$dQtly1pDWzytKNCt7gdYKO4moIg,02/04/2023,13/12/2021
vhymer8h@biglobe.ne.jp,4774775227,2a$04$3VvEVr88YWLNbgc9BMjureMBJk3,16/01/2023,27/07/2021
wbarabich8i@ameblo.jp,6733253003,2a$04$z0ITvD2GM24kqdkTSAHBtupbLyM,15/06/2022,09/09/2021
ahoyle8j@trellian.com,4227274653,2a$04$dYf0aCQVCu7xxYQ17pr8Bu50eG/,04/12/2022,06/01/2022
tragot8k@yahoo.co.jp,6793166753,2a$04$Xz0fY0sI3n8pk9dflYnn4eMochP,19/10/2022,14/12/2020
atennet8l@nih.gov,1893659692,2a$04$z3r39AQ0uWhY2Tj4SJaHIuHfcVJ,22/08/2022,10/08/2020
lalliband8m@google.pl,6805597027,2a$04$DRaPQOc4/MrLhQbQu/hTruJeBMw,16/09/2022,23/10/2021
elatham8n@so-net.ne.jp,3519792192,2a$04$Nls66lriL5Y1l9q3VX14PelBqa6,06/03/2023,15/03/2022
dfoystone8o@surveymonkey.com,5534880333,2a$04$c3y4lu8cbDQUyqNr0RtiC.vx9pE,10/10/2022,01/07/2021
mbonanno8p@dell.com,3317262773,2a$04$EGjGiCCh2OV5yIoqlH4y9Ok5uaa,23/10/2022,22/10/2020
hberney8q@behance.net,7368775216,2a$04$OqRicLJ03UsX1dK/iVXChOt0KBq,29/10/2022,22/10/2020
bgercke8r@businessinsider.com,4542051773,2a$04$x9OndiA4xMwPUh6D0yHYRe23D6C,09/08/2022,12/09/2020
jshilvock8s@google.de,4843572362,2a$04$fJdSku6APk4.q4tgEL9Be.dfnlx,30/09/2022,03/03/2021
gdewick8t@examiner.com,2669531307,2a$04$4p1c.GlQKRE5eoOr0k7hx.3nWls,04/01/2023,29/05/2022
mhubane8u@ovh.net,7724155895,2a$04$hSCwIwd1bodpCmaZhTqa0evJ4wA,04/02/2023,27/11/2020
emiddis8v@rakuten.co.jp,9482638822,2a$04$d23ROAj4aZl5I991unFun.VkjMC,18/03/2023,05/12/2021
cspitaro8w@tuttocitta.it,2823422304,2a$04$w2zIh7wULUuwgikyw3gm0eQuibJ,25/09/2022,31/01/2021
istendell8x@newsvine.com,1386195363,2a$04$qUpBUC3Aug7tJ5yAOm4Sz.LhX6D,21/08/2022,16/02/2022
sleyes8y@intel.com,5874316060,2a$04$4AFnPfdFUUax6gunePKTG.WMi3G,30/01/2023,03/07/2021
varthur8z@unesco.org,5844186336,2a$04$AflG5dbDj69D9nOO08elI.4wxVT,13/12/2022,04/05/2021
ldepke90@spiegel.de,8597298918,2a$04$hHMm9vo5tXNDRBCDOEcRcO4FinA,11/10/2022,15/09/2021
osnelgar91@wikia.com,7876499511,2a$04$2jqZcSV.gcIxhdah1hQAMOSzKUj,17/02/2023,09/11/2020
jswaisland92@skyrock.com,1712203951,2a$04$2XT7BHaOzCu1mhwhZ0R9o.gnsdV,13/08/2022,18/03/2022
crobottom93@earthlink.net,1333325120,2a$04$wQy/84hRjoHMKG.e61HiP.V4lYD,13/06/2022,16/02/2021
mlouca94@timesonline.co.uk,6935070822,2a$04$FEUL4QER3SgmZKAdWmyZvuqx9gw,02/01/2023,20/04/2021
bsacchetti95@blogger.com,8393215405,2a$04$PVj/LF93xZY3QDYNg3PZkuXq6a/,08/01/2023,07/05/2022
aclaesens96@abc.net.au,1695888084,2a$04$3gK3hFNx1n2YQjJILqzn3e6tZbz,25/09/2022,28/02/2021
ltratton97@dot.gov,9287661132,2a$04$FCZs2Xg3w0BXorI50p9p3uYtdjc,25/01/2023,30/10/2020
hadrienne98@acquirethisname.com,2576472977,2a$04$1ZxvOoYFu.47GA5ZLVEY0OzPr29,28/11/2022,17/07/2020
sscriviner99@blog.com,6091599121,2a$04$zyWrlhS2w77lmpCjMjtnbei84.z,30/08/2022,08/05/2021
elecount9a@mozilla.com,2523273761,2a$04$2HE3QAV0Iys6FaSsA13A6O4/woq,17/03/2023,10/02/2022
kpfleger9b@shinystat.com,1636973216,2a$04$KrQ2HBSN4Qu7eXDaQvX4NuZnGIc,03/11/2022,21/06/2021
tnewport9c@zdnet.com,2449067295,2a$04$yfWT7YVGLye2dtFa9veHa..UI6C,21/04/2023,13/01/2021
vhenrichs9d@bloglines.com,2532678308,2a$04$KlZk0kZ1KmxWjavSh06.lej1DfI,17/05/2023,12/11/2021
ldymoke9e@clickbank.net,2882304371,2a$04$9okxufpuVw3VkIL1HJxGq.9xQgd,28/06/2022,03/10/2020
rsadgrove9f@nhs.uk,7413273809,2a$04$o9ZSBzyyYuJG0srGf7bnOuVB8fa,06/06/2023,21/02/2021
msnary9g@blogs.com,5539406855,2a$04$/2KNrYRE8ZubEjlBuRGNWekaeSz,02/02/2023,27/11/2021
tsweett9h@globo.com,3218793442,2a$04$XZ8foQURE9.04oEAYn.2kO9Vpm0,13/06/2022,15/01/2022
mwooton9i@unesco.org,6252742885,2a$04$IlQ0EPBVZM83HPqvdAog1ux2Iiv,30/07/2022,22/07/2020
mryding9j@tripod.com,8472675487,2a$04$I7XVkegcIVikWQD1g1WI6un9bZm,12/04/2023,12/03/2022
cbaldery9k@nps.gov,2789038342,2a$04$pPHbddppKtBaQN4Nw0N18.cEA1F,24/05/2023,26/05/2022
cclash9l@buzzfeed.com,1546771856,2a$04$olViF4rdodDWxo5rYxOnX.rn8DB,28/01/2023,23/06/2020
aseyffert9m@hhs.gov,4454504383,2a$04$x3saYAGFH38H8OC0ikSrqOht.A4,25/08/2022,25/12/2020
dbreese9n@china.com.cn,2562191649,2a$04$GShRE8mnPzKf6l4wunDADuOexqW,28/06/2022,08/10/2021
cgillbe9o@com.com,7329346386,2a$04$9QN0IDC9nKMwtAIrQslzWOA0rvt,01/05/2023,31/08/2020
aitzakovitz9p@about.me,2171611516,2a$04$/pTIIOM8qyqLFUof.szp/eo81Ss,16/04/2023,10/12/2021
cprobart9q@ucsd.edu,5334619385,2a$04$Ha46iP1okZ.rEeMjJsh/8ujLlTv,05/05/2023,29/03/2022
bstanmore9r@studiopress.com,7995666835,2a$04$1toI86y6SpxmJK2HVB6RAOtYr50,04/12/2022,24/01/2021
cconnachan9s@yahoo.com,8016469134,2a$04$oVGr2RAxa13CJCAonm.xIei.8q9,18/10/2022,16/08/2021
sbartram9t@vimeo.com,6653966113,2a$04$t0pTmSVGniLJswviU6EvDuHKIfa,06/02/2023,29/06/2021
vtrytsman9u@cnn.com,6774690333,2a$04$zr8BGIOeWMmD.1VT5JWQu.FKgN1,19/02/2023,08/08/2021
leilert9v@studiopress.com,9003182907,2a$04$oxNhGebAd0kBXmXa4FnxhumdaKE,19/04/2023,07/04/2022
gcampagne9w@sbwire.com,9759100138,2a$04$ruESackC/o/WYdJNsWg9veNUGsg,09/11/2022,02/07/2021
uhuniwall9x@businesswire.com,4742930096,2a$04$5p18Pkf.LmpNOPq38STEyuKLXz/,07/12/2022,18/11/2021
jruoff9y@opensource.org,7941865888,2a$04$9fvemZAlHYB.y4urVj1Wbefrwtf,21/09/2022,12/02/2021
lpawlata9z@xinhuanet.com,6944142427,2a$04$fUuTHStpqQ2ZpfwmNKNmru1TlwE,24/05/2023,02/06/2021
cfontellesa0@trellian.com,2726455899,2a$04$XVM/Ex/E9YWl6l3i6bNabuXQ0mG,05/08/2022,03/10/2021
dconora1@google.com.br,8449490932,2a$04$RkWp6.DK3xv19idvj9/9VuqvnG/,06/12/2022,04/09/2021
mcamblea2@addthis.com,9303496083,2a$04$J2QEdCmIKTSHLgVunmb6IOseVuU,22/01/2023,07/11/2021
lseysa3@patch.com,7598452992,2a$04$hFd/NCk/OfXdW7Q53TOCgeMp8ST,13/10/2022,18/04/2022
fdalmeidaa4@google.co.jp,1891098249,2a$04$ycG3mwVUPnBHFpqGf42TV.W1kCL,14/10/2022,13/10/2021
iantoniewskia5@nhs.uk,5663877285,2a$04$iBs1kw.1NObaDK6KeXKbdu8Jdnr,26/04/2023,11/06/2021
mmatterfacea6@storify.com,7935766649,2a$04$ySZSGE2oweMmeII7fgNSKezeze1,03/11/2022,24/11/2021
fgrammera7@mapy.cz,3108275043,2a$04$EkovdJutuwFPdmWrrxQVHOmsyYe,28/09/2022,17/06/2021
kpeggsa8@merriam-webster.com,9344083258,2a$04$NScdiNg4VuIavGQUSjhxa.qZr/t,02/11/2022,15/11/2020
dugonia9@phoca.cz,3035068995,2a$04$D/YlRrlmxxLFWpI7QkWLhOFJidg,06/11/2022,17/03/2021
crafeaa@yandex.ru,9374325565,2a$04$qhLPNbCtzqWe/SjXf0UJ5Oz4749,28/03/2023,08/12/2020
kclilverdab@a8.net,5201144752,2a$04$7k5HKdA85w4agLnnSrw6TeaPd.l,23/10/2022,09/12/2021
mbawdenac@4shared.com,9574986965,2a$04$7iavb7BuGDSSXsPpzv9aTeBTDyY,14/08/2022,21/10/2020
mmcconigalad@ebay.co.uk,6899090477,2a$04$WqKid3aVyX/hytDkTlefGuiwQKQ,22/09/2022,11/07/2021
plabbetae@newsvine.com,2999442794,2a$04$O.2IBk3UrEvCYQm31g1gf.l3tTF,27/05/2023,30/03/2021
rdolleaf@jimdo.com,8748503952,2a$04$uhV7rC82peebLA4MQ1vCuerfAnc,13/12/2022,06/12/2020
cimpeyag@washingtonpost.com,5001276793,2a$04$oWZcJYj8Xks1LrKm4p1qWeX4UeD,12/08/2022,15/09/2021
mowensah@sphinn.com,1917317363,2a$04$5wDDY/2m1Cg1nX9PJXFadu5QaqM,10/05/2023,30/01/2022
tstrangai@umich.edu,4622404084,2a$04$p27b6/TiflHx7zeVjAriW.e3RHW,30/06/2022,03/10/2020
gdullinghamaj@loc.gov,1247410428,2a$04$t1OcjJQcQco4qrL/trL9DOQ955j,09/03/2023,22/04/2021
cgillaspyak@toplist.cz,9367991425,2a$04$jnT5As7Ns.RlofN8b4anK.KUaH5,01/03/2023,10/10/2020
wcarrellal@bandcamp.com,1224724460,2a$04$5YeKvTSXUCBY0K7QP3PUhuIPter,28/11/2022,27/02/2022
shadigateam@dailymail.co.uk,4564387281,2a$04$DvyoL6wx3EWnbGSowTN/Ke4NFlX,05/09/2022,21/10/2020
wwillesonan@cloudflare.com,4191031410,2a$04$ayH/TczVDUVxPrKOXN5H4upQ6C6,13/05/2023,15/02/2022
rcattonao@google.cn,2117021551,2a$04$TqiJhhArNLdDSPBjjwk8ketOSeS,18/02/2023,22/04/2022
abunceap@cnet.com,1663971089,2a$04$wxDWccln.K4HWtdixGY2keQWlKU,12/03/2023,26/10/2021
bnegalaq@4shared.com,5494707318,2a$04$G0FfDXX1htbLePhkYiX40OamjYY,09/03/2023,31/05/2021
lshellidayar@tmall.com,4506740952,2a$04$BPryhZ11BASCgjoqH5QTTuSXw6p,01/02/2023,07/03/2022
shucklesbyas@webnode.com,4178584533,2a$04$cT9kbext/hYE4oH8GvWG5exSAfB,04/01/2023,11/05/2021
drigneyat@toplist.cz,9001812500,2a$04$HMRNlbE895CpfU/U2hkGye6FBGH,23/05/2023,18/02/2021
apawelskiau@mit.edu,4195819811,2a$04$p26swU29pEKLI5fj5Ehh8OexcgE,15/02/2023,04/06/2022
fbirchenoughav@etsy.com,6215836126,2a$04$d2lzRZFGr.ka2aoQAk7jh.Af4Hn,19/12/2022,25/06/2020
telloyaw@slashdot.org,9516806330,2a$04$kkudQmEIf4LWyNhA//cD3OGKZbx,20/03/2023,23/02/2022
slonnonax@newyorker.com,6983058554,2a$04$bDGKv25nWYTXlggmTlrBeeWQH9i,31/12/2022,16/07/2020
sspofforday@51.la,4422040598,2a$04$SmjTPmSNp5p.9T1hm32B6e92dAy,23/07/2022,31/08/2021
bradclyffeaz@twitpic.com,3499247864,2a$04$SIZLNb1XtQIIcpFzvnW6C.mhk31,05/09/2022,07/04/2021
tbayfordb0@bluehost.com,6489810164,2a$04$YMDFG..qwu4mnUtMaR/rLuQC2l8,01/09/2022,08/08/2020
moldisb1@discovery.com,5954285526,2a$04$Du/pl6uCCG2z8L6gpOSqDu6lxFH,22/06/2022,17/08/2021
jstangob2@dedecms.com,7626765255,2a$04$GxWzG6eDUjjHth0RHDhF9OD0aRC,01/04/2023,20/01/2022
kbernuccib3@census.gov,2391677375,2a$04$OAR/g6A2k7zjkcS0uuz9nONoOrR,28/06/2022,02/11/2021
spancoastb4@bloomberg.com,6146903238,2a$04$WnlVGTZzngtZuIZnU8fT3eZWeOx,09/03/2023,18/05/2021
bmouatb5@macromedia.com,4445223149,2a$04$iTIonsC5RM3dXu7Kn8OQkusZh08,15/08/2022,20/10/2020
ugaylardb6@tripod.com,5952964787,2a$04$XjPZ3kz5utZA68Hf3.Phau8x.ya,31/01/2023,05/02/2021
imothersoleb7@prnewswire.com,8003436085,2a$04$WebQNv7zraVTQ/7G8w1GWOMqE9n,29/06/2022,02/02/2022
ecalendarb8@blogs.com,7642729555,2a$04$Qo5OcQxYCbaPZwnRyG1Iq.Yw0tS,11/09/2022,28/11/2021
nceschinib9@psu.edu,3414608067,2a$04$vjU3uTrCyrBgno5GjFZv3.SYlS/,05/03/2023,26/05/2022
smcguireba@prweb.com,8682099523,2a$04$xUFkMpxwE8JBZB0Fo05BHebz.fo,07/01/2023,14/03/2022
kbacklerbb@typepad.com,2962632615,2a$04$reU9HsDZ/WzQXgWghlkjbOK.l77,15/03/2023,09/05/2021
hgeorginsbc@mapquest.com,2857919283,2a$04$IlSiIawGkW6PDwZlcO4ziOURU4D,08/01/2023,10/05/2022
lturbernbd@nyu.edu,3123337634,2a$04$LFnC7b3VEDUqw2QLutGuJuDcudH,16/09/2022,26/07/2021
fmarskellbe@mozilla.org,4231304793,2a$04$.4E74X5OGEoliptc.8283eL3Ypr,04/07/2022,07/04/2021
grebbeckbf@adobe.com,8102669649,2a$04$oOXfM1fs/uD195nEPFW3VODXM5v,22/09/2022,14/07/2021
nmahybg@odnoklassniki.ru,5219306725,2a$04$3Ez1iT0zLSKJ.2/Cf0eaduLCfM7,10/03/2023,13/10/2021
dtickbh@e-recht24.de,4183525670,2a$04$RnkPoszm.ckV7F7q9B/3iedoaRH,14/07/2022,20/04/2021
hsutheranbi@wordpress.org,3788343696,2a$04$YlyScoE2VOA2sZLI8EPmk.3LMrd,20/08/2022,09/05/2022
nshuardbj@1und1.de,5547862534,2a$04$N8F1WTm6vOCaRCNOlZ8lrug8XOY,17/05/2023,25/11/2021
jmilmoebk@ft.com,3214020568,2a$04$xkYK3Otds6UoqQPBohHgreO7JME,02/12/2022,05/02/2021
babdeebl@cafepress.com,1071113342,2a$04$y5oaeeFppwWu2KxlX0J97.ft5nW,24/09/2022,04/02/2022
mmcveybm@cocolog-nifty.com,4421757339,2a$04$Tq9qreUU38c9AeaMBbV5POXtD0C,27/06/2022,19/02/2022
dduckersbn@yahoo.co.jp,6144131493,2a$04$IAa2RkZTd0sJieiOD3JFF.8fLVO,06/03/2023,28/10/2021
npyburnbo@exblog.jp,4342223138,2a$04$z.90vph5S5OeMsCILdlNjuXJz5B,06/04/2023,30/06/2021
qfronekbp@java.com,9262317771,2a$04$qhb259LDYtj8DG5V33Ea4.oivdJ,15/01/2023,29/10/2020
cdiganbq@cbc.ca,7202457134,2a$04$g08iuTsysFeGHy.cY7rEYO7aBbe,13/04/2023,11/03/2021
eodyvoybr@woothemes.com,8775282012,2a$04$yCc3pzouQPzshBvVWKD6Cemc8k7,02/11/2022,04/01/2022
mpillbs@paypal.com,1988543672,2a$04$PkJ09fK01YuFLISsBdkugutZdCn,05/02/2023,11/05/2021
dcornwallbt@columbia.edu,5866273138,2a$04$U6FrYhaZcvVJhyx2h9CFQO0oxOV,09/05/2023,09/09/2020
bshallbu@unc.edu,2838813265,2a$04$onAibV3BCcogHia/F43lC.TKuHA,11/05/2023,23/11/2020
jdagwellbv@mashable.com,8656800520,2a$04$DZCaD.nYbyi2OHn5g.DdkeVgdEB,01/05/2023,15/08/2021
amcquarterbw@lycos.com,3022901024,2a$04$dP0dO8L.hbIpz/dYJrLlJ.MVt2p,03/09/2022,11/04/2021
gdonnelbx@liveinternet.ru,1805524343,2a$04$p6v8lM5l3CpyE4GM8nyGMOW.k3G,03/03/2023,23/09/2021
rgyteshamby@shutterfly.com,8603539996,2a$04$UESajYGmiuDSAnUYqJ.lpOIrigd,07/07/2022,13/03/2021
bdetoilebz@ebay.co.uk,6973159903,2a$04$99v8dSwR32i2ldo.nnfKH.HJZ06,13/04/2023,14/08/2020
crickcordc0@over-blog.com,9376825439,2a$04$Oido./NhRFLAiNOMj7cqB.ZKOdC,05/12/2022,21/07/2020
bcattlec1@techcrunch.com,5955301910,2a$04$PMyv55/M1eO.P1c13f0Bfu4HJGB,25/07/2022,18/07/2020
cstebbingsc2@boston.com,9648333129,2a$04$gAuBTnAkRiHg8PmmhA42J.ej1un,22/01/2023,21/07/2020
mriseamc3@nasa.gov,8072285886,2a$04$hNyzH9Y1kpJ2Uvp7Viogv.k0TND,11/11/2022,27/08/2020
dbiertonc4@hibu.com,3622674956,2a$04$PddRwa/N15ScsakPNOmd9eCDs95,15/02/2023,11/11/2020
kparrenc5@edublogs.org,9181261329,2a$04$bYMJkO8EF4cSlMBQbEvLhOjekAK,19/03/2023,06/09/2020
cbrantonc6@weibo.com,7733568631,2a$04$vkd3LnAc.KldC6nMNOpFHeqmpl0,25/08/2022,22/06/2020
promushkinc7@google.nl,6519333057,2a$04$LfLgGzCKE6uvwYzhvXGqT.psfSV,30/06/2022,05/05/2021
avanarsdalec8@fc2.com,9709964597,2a$04$1xUT/Iou55Q84lggfYTqbeJp7Bo,20/04/2023,09/05/2022
aspurgeonc9@wikia.com,9219266946,2a$04$L..Eo9syDWcQud0yjfbykeYQI/K,10/02/2023,05/04/2022
bmathouca@prlog.org,5758274120,2a$04$WgrLZRsJeUTVy2m9n2/S/eqC1yt,23/07/2022,21/09/2021
hgurdoncb@google.es,7413617535,2a$04$lqfgXlLZgvFxVX0GRj9ZlOSqCEm,18/03/2023,26/07/2020
rgrigorcc@sourceforge.net,8953165569,2a$04$mKQAld8qaI0qM3UoRzGMvOrc7u0,13/10/2022,19/05/2021
bsweetencd@tuttocitta.it,6304483355,2a$04$9MnyMtjEi4K.8Iz0wqWRmegjRKS,09/08/2022,01/01/2021
bblonfieldce@sina.com.cn,1515916930,2a$04$qEyI1xtKOqw7/dlbOk3uHe7094R,23/11/2022,27/07/2020
bormondecf@examiner.com,4199255944,2a$04$yYKEM.gfVCCZQSfgVcbrTegnydO,07/05/2023,13/02/2022
aruggscg@java.com,4969288793,2a$04$hZ.GpXzx2HG5EgimnMGMr.0LMdp,17/07/2022,16/02/2021
ucudbych@noaa.gov,1373846078,2a$04$7S5/0HJj6Th6pC/s9wt1.ezNTX8,22/09/2022,15/05/2022
sforesightci@shareasale.com,5653943863,2a$04$gbENCD17wwqoDjAdi96PQ.3fU3N,21/12/2022,15/10/2020
blangcj@sciencedaily.com,3849285552,2a$04$zkLSk2iVW4I1x1cSPuB4G.B0y41,15/03/2023,30/01/2022
channiganeck@creativecommons.org,5341452271,2a$04$93Sl60XoIufuGVnep0TI4uYDqUy,26/01/2023,30/04/2021
lschwerincl@over-blog.com,3892069278,2a$04$F4xOMU7/RDmouoBiqamCTO03ZgD,15/06/2022,11/01/2022
ltissingtoncm@cocolog-nifty.com,4427648559,2a$04$P5ob8cq4SOE95ubMt2lw3eBKAgD,02/06/2023,19/03/2021
rmodencn@eventbrite.com,7178091557,2a$04$8UtonqAHF7P7qWnDnXQv9un0lUI,14/10/2022,17/05/2021
gmerryco@intel.com,8649948219,2a$04$vEhWna6tNtABHkWEes.8ker4KQH,09/09/2022,02/09/2020
leareycp@google.co.jp,7719793723,2a$04$3ZBtId3Kftpo707WFTzwqeUnd27,22/12/2022,03/07/2021
adragoecq@netlog.com,5759992611,2a$04$KbPc1.rv85537/GNLNeyjuATBOH,23/09/2022,14/04/2021
ofortcr@biblegateway.com,3285570242,2a$04$0H7Sm1MUy9Wt3TcnS97tjuQOgxZ,17/12/2022,28/09/2021
abridgecs@eepurl.com,7194780074,2a$04$Mhjicr5D1DDV1EwDhxsud.5yuce,10/05/2023,20/04/2022
mlondorsct@cisco.com,8808258445,2a$04$eLjtFKS6AH2odnGl.T7En.oqWwm,09/05/2023,30/01/2021
uboissiercu@upenn.edu,7122154701,2a$04$4n0lYtN2JmW1AiAgRzE/s.KAAf3,10/09/2022,09/03/2022
eheibelcv@facebook.com,8982021601,2a$04$/.ZqXehZxiR3efli4DCR9.lCr3Z,27/12/2022,19/07/2020
lphinncw@people.com.cn,6919884572,2a$04$.y5k8/GOWeJmxYt0gxnzCOxkugX,18/07/2022,15/11/2021
tverocx@51.la,3309599362,2a$04$pwKIBdPyRjdwlaO2pPuHF.SRrRF,16/12/2022,12/03/2021
lspelsburycy@tripod.com,7618947175,2a$04$1yF.0qE./bwDzwiUEXcsHuQfzFD,08/12/2022,03/05/2021
bbutterfillcz@columbia.edu,3304470813,2a$04$3aJNktvMrA3HygENut7uzOT6v51,01/12/2022,07/01/2021
fschmidtd0@ed.gov,5834828240,2a$04$EDrAjt2vndLbPuwCpSQuDe7poiR,01/01/2023,31/07/2021
rkitherd1@github.io,2971738446,2a$04$VCNEQXv.Uw1d3tW1PwDFyOdaYLL,20/06/2022,06/09/2021
mgascardd2@w3.org,7747428249,2a$04$ZTWnkorI6gr2.84bM7i/z.f0fhb,01/12/2022,21/03/2022
mjirasekd3@columbia.edu,6549426190,2a$04$8lK8dUOdv.lrNSRYwZLJxe3HkSM,14/02/2023,10/07/2020
bfacerd4@comsenz.com,9638868927,2a$04$8fpEyNC7J6fj5h1wJ45.Yuej5LQ,02/05/2023,10/05/2022
ikimblend5@wisc.edu,7588325019,2a$04$kNlQFHCeBRk2LD.ecrC7L.itA1x,07/12/2022,22/08/2021
dbrimblecombed6@list-manage.com,5288147737,2a$04$iZaDkrh2OgFNjqsxSPg5EOmLcuf,08/07/2022,23/09/2021
dmumbeyd7@google.ru,3767094451,2a$04$bvvGcgvh/hUW1KyNPnDjUeypV0k,19/10/2022,30/04/2021
ajankowskid8@ifeng.com,4533122424,2a$04$CkzdHgFVnbtoe458.3PwouX47wp,31/07/2022,12/10/2020
bgiacobiliod9@desdev.cn,7608861425,2a$04$LO6jl7MNG4QxHpxXs8U52uySAc9,21/10/2022,06/09/2021
emcphillipsda@free.fr,5553780717,2a$04$jrS4qq6y/kW6MNcJb7qrzeB/l9E,09/07/2022,06/08/2021
inaceydb@foxnews.com,1283539148,2a$04$WcHJimou/iniRHhGlCUs6.g8Qfg,31/12/2022,08/01/2022
wtealdc@ustream.tv,4898870818,2a$04$7F85Nql7FD1t9mWFYhRAjeRRe3N,21/01/2023,22/04/2021
ibeaumontdd@typepad.com,6669010502,2a$04$6/6hSYsK1uu.fV6UZNrMBu0q4IO,25/08/2022,02/09/2020
kwaldramde@ow.ly,6521901820,2a$04$4M7lAzrxyRiIzS9p6e6LKOJKYVz,03/02/2023,11/09/2021
nskelhornedf@harvard.edu,2456020481,2a$04$aDnvVYKKiKfpgQIZb87lY.5CvOz,22/11/2022,07/06/2021
cstamperdg@ucoz.ru,7342928256,2a$04$wx9E1DwXC.wLr333K0VP3e2j4ra,06/09/2022,22/09/2021
epentycrossdh@ihg.com,1328257133,2a$04$J54lXaXExkiQJr06G.nJzuBxXoX,25/07/2022,17/07/2020
ffoxendi@csmonitor.com,2052447074,2a$04$ZgMdxPoFEy.ansYI/QPK../Ti8y,01/03/2023,15/06/2021
hlockhartdj@joomla.org,3725471652,2a$04$nczFWtb7NyYrisSFbZwaIu6NPxP,02/10/2022,24/09/2021
hhameldk@cargocollective.com,7848875786,2a$04$RhvrWIEfGXxBESQkelKVGe.fTgX,18/03/2023,03/11/2020
bwilldl@deliciousdays.com,1099771935,2a$04$1dVTkIEzlkJqBwF3soOTY..1QwE,27/02/2023,06/10/2021
stouzeydm@wikimedia.org,5232189446,2a$04$LgqZpkzLERV8S5A3r/XqOuB4PcK,03/01/2023,03/02/2022
lginnetydn@howstuffworks.com,2881876972,2a$04$/Zqzh8SVwccmchUKJckfweArQji,02/03/2023,14/02/2021
emontierdo@yellowpages.com,5837449391,2a$04$CBSJGNC1PG3fN.CZzscysOt8z7y,15/01/2023,15/04/2022
bfinnesdp@histats.com,2457898689,2a$04$R6.WNSK/ZjGTzx40LO2TGOgMsIV,09/03/2023,18/11/2021
bnormandaledq@nps.gov,8586205713,2a$04$OpKpNNn4Cayh8EOwyF3OiuQJnMR,03/01/2023,23/09/2020
pdyettdr@about.me,3282637605,2a$04$G09ddncTAGE260weZM/.xe/VZ2o,24/09/2022,10/02/2021
cbagnellds@mashable.com,9221146298,2a$04$VOlNguhDcgw89eI0m.rpteRD.s4,25/03/2023,22/04/2021
ekarpoldt@marketwatch.com,4387774975,2a$04$6qMBAdLhVkvQa1MPP6EHLOCcdQ4,13/01/2023,13/10/2021
wtomlinsondu@dion.ne.jp,9438534984,2a$04$LIksdwcEUZCkabzDbCL8se2XvZN,31/05/2023,24/02/2022
nduerdv@smugmug.com,1164534905,2a$04$cEcyQ.Bsq7cg7mRDOCDv8.C8S4S,22/01/2023,10/11/2020
ttraylendw@hhs.gov,5318855862,2a$04$wdd3tojbtphMOyMw/tfYjO.mIbk,13/02/2023,29/08/2021
framsaydx@nsw.gov.au,1008960160,2a$04$o98rL4bcazBwxLiEmv2NTuIzIsa,19/08/2022,17/10/2021
cbaudassody@etsy.com,6694355555,2a$04$oRBIl/EruBwXDPwK6AvrEe.0i3p,09/11/2022,20/02/2022
bmehewdz@desdev.cn,6064849437,2a$04$rilaCkrUYJt1XKYqxgnY4uaMTXE,16/10/2022,23/05/2021
aburchatte0@oakley.com,7004128303,2a$04$RAH.tVa5dbVhbywUNqeAxerU5Ve,02/10/2022,03/11/2021
lbrownceye1@flickr.com,4134255034,2a$04$OJQ7iQvrzlNaLWVUrgmrveyFB/l,06/05/2023,20/07/2020
igravestonee2@123-reg.co.uk,8527002731,2a$04$lAnndO5Db7kDMKZLkVGUg.LHI/J,22/03/2023,31/08/2020
vsilberte3@state.gov,3217679073,2a$04$Mm8xiJoiZNLlqH2wdh0QX.SIc3X,13/09/2022,01/07/2021
ngallegose4@smh.com.au,1089767181,2a$04$r7eXQbkIy/R2uoqVxooZpuunIDZ,13/05/2023,08/02/2022
rinde5@paginegialle.it,1576344994,2a$04$KiYSEB5tbDqBg4ev.8JMYOgwM6I,14/08/2022,31/10/2020
jchapiere6@accuweather.com,3321330018,2a$04$uLOuCJ7OjRF9FoNusVij4OShcQy,13/06/2022,26/07/2020
astledgere7@hugedomains.com,5526088720,2a$04$569Rt24I7XzMVtdNgsUSxeTjXVb,16/05/2023,01/05/2022
pbasekee8@omniture.com,2984395491,2a$04$la6d9Dh2k20exBvETGvoYeJMiuN,16/12/2022,13/08/2021
mrouthame9@goo.ne.jp,2776513560,2a$04$vJan2Z3MGd2QL6hi97mIXe87Q1E,13/02/2023,20/03/2022
lrealphea@yellowbook.com,5446209970,2a$04$jH/2X6LQvdwX0T3t8ycNHO9Gx4s,16/09/2022,02/09/2021
mgaliaeb@nba.com,3906086267,2a$04$ESlPL4sPcXe12WGcnDjh4efb0LK,15/11/2022,02/12/2020
yhannaec@scribd.com,6487988154,2a$04$mCmfmSUyxBYGFQGcsO1uce60MjB,31/01/2023,12/04/2021
mdevoed@vimeo.com,5398835651,2a$04$WHoRHIUG37OI5/snw4SuHO5Uof0,23/11/2022,01/07/2021
vleggettee@google.com,2436113128,2a$04$rx6plg1dPTUsuIP.6IZz4eh8wsX,01/09/2022,06/01/2022
acowinsef@tripod.com,1669185829,2a$04$yvcJDy171EyyWSbBq8JbkesStPf,17/09/2022,02/09/2020
atidcombeeg@timesonline.co.uk,4969583165,2a$04$EmxmrOb72apJv19XfHsepejmXEw,14/06/2022,05/08/2020
aetheridgeeh@geocities.com,9093197758,2a$04$j/ikecKh5LiFJiEAfYTJfeDHdA3,08/04/2023,21/07/2020
afromantei@latimes.com,1401665076,2a$04$IJu7CMEop7WVxwr.yFqXC.AbueX,19/11/2022,05/07/2020
aaudryej@netscape.com,3103147254,2a$04$4du5Y291GXHEtSIHcsSCsOvH/GJ,06/02/2023,22/05/2022
ugannanek@arizona.edu,3338361513,2a$04$pFzMvAHfr7FpryV0DlTEgOf.SbW,05/01/2023,24/09/2020
gzealel@mail.ru,4489398461,2a$04$8VIT2rKun3INIXSFtf9Sieha0t/,01/06/2023,14/07/2021
ggehringerem@gnu.org,8314876811,2a$04$oHNQ4hG89Qelm3xQwMw9n.KeMzu,04/07/2022,02/03/2021
nfaustinen@abc.net.au,9843070892,2a$04$x3O07K6BbGEA6UUMQiVKLueLw85,03/05/2023,23/04/2021
cbrizlandeo@imdb.com,6235232646,2a$04$PSAaJvpSH.UUQZC5kgl0XONy.vS,29/09/2022,13/07/2021
mkoppelmannep@list-manage.com,4656547593,2a$04$u44GX2nhxTyIk35T99bzTeprq1P,30/06/2022,13/10/2020
cdrevereq@guardian.co.uk,3425839185,2a$04$tGsV0FGYe/agPFQo267jceFwTHe,05/08/2022,06/04/2022
gkilmurrayer@fda.gov,9693028394,2a$04$l6xpuiRxj72sjG.gc1s/j.oDQ6L,02/02/2023,13/11/2021
msoigouxes@baidu.com,6566473788,2a$04$ttqieuyCLnsQNHaYQ8efb.U6SJ.,13/08/2022,20/08/2021
rosgorbyet@g.co,7945910479,2a$04$LDBq8IYDzFj5vAKiH1S/4.C.iYI,28/11/2022,19/09/2021
vnelseneu@ocn.ne.jp,8155389973,2a$04$cIN8Zghm4Joe7fzjYKky9Oj23Sc,08/10/2022,20/01/2022
jdorrellev@harvard.edu,4325804177,2a$04$6uSTp9yuE2YpNzJq6ZHo1eqVgcb,23/06/2022,22/02/2021
jduffieldew@symantec.com,3935244779,2a$04$zTnnS7TxgNoHUFPh5p0zoONwF9V,16/12/2022,28/02/2021
vmuroex@slashdot.org,6032312956,2a$04$/z2QcQyvozwiwysW99TkLe.tevZ,23/09/2022,09/12/2021
fbearneey@theglobeandmail.com,6932367351,2a$04$w1uhPNiPZBDPp4tmYYphjeiCqoe,26/12/2022,28/12/2020
sgricewoodez@sina.com.cn,6797468312,2a$04$D1x4N8uK7vvF8cyg5o99SubnBEg,15/07/2022,20/03/2022
hlauderdalef0@mozilla.com,6508456433,2a$04$gGUS04LMLabV5ljmyOzVz.evwkh,17/06/2022,08/01/2022
mangersteinf1@bloomberg.com,4287102534,2a$04$mpBhQCZyJcLTy5PcqwY4AugPdOi,14/02/2023,16/09/2020
csmeedf2@pen.io,4821886342,2a$04$qxEs/FBotoDV5/2yq.ZEMupWfby,26/09/2022,22/04/2021
npitbladof3@bloglovin.com,9791345138,2a$04$cWvaFegZCMDaFafrkawXCuo32sD,17/09/2022,28/02/2022
rohagertyf4@nature.com,8322871965,2a$04$/BqxfZf3uDgr2fB/7i1tG.5wxQ8,12/04/2023,15/08/2020
tfawdryf5@4shared.com,4601177448,2a$04$kMmllZhREgmXpvtozHVbGuLmq7Z,06/03/2023,13/09/2020
tnunesnabarrof6@sina.com.cn,2298828461,2a$04$V80OhZZxlT4H4Hq1Ub36hOXhie9,08/08/2022,01/04/2021
aorbonf7@freewebs.com,9459271203,2a$04$pI1KLM0CohaX9uyaZsTsjOukuLw,26/09/2022,19/05/2022
atraylingf8@state.tx.us,6892065126,2a$04$2rniyFMltYVzHJgHnlI7HOUCpWQ,25/09/2022,26/12/2020
swhebellf9@pagesperso-orange.fr,6742117388,2a$04$WMtgZv9tFvS1edF3jbcR4eVESPx,15/11/2022,15/09/2020
eodoireidhfa@bluehost.com,6778655411,2a$04$gmRIiNSikAd7iRCzdYAyO.26uSZ,29/05/2023,04/02/2021
cortsmannfb@hp.com,4198867357,2a$04$UF06SuSSxUaex7lUVQ.n0uW9g4P,26/01/2023,31/07/2021
ekadarfc@jigsy.com,2156601172,2a$04$mQdj1fki9gs0qP/YOIyNC.Q9h04,28/05/2023,16/04/2022
tjerzykiewiczfd@home.pl,3875881526,2a$04$BJfkq5ajuj5vSFYeMcEVfekWz4o,12/02/2023,30/01/2022
jbarenskyfe@ihg.com,9395833161,2a$04$itC6gy2xKZlS9Ia8yqbMxOnn4w7,12/04/2023,18/12/2021
tstainff@wikipedia.org,2555111968,2a$04$YV4J0.R3ZPOiHMlCN7RzE.tAl.N,24/02/2023,29/10/2020
jmorefieldfg@elpais.com,3514617812,2a$04$kFDOKhgOeg93Rv9O3H3WyerdNyX,15/04/2023,25/09/2021
bdenerfh@theglobeandmail.com,2582571786,2a$04$V10wzcSXxIaQ24FPy68dq.1QiqZ,27/05/2023,05/12/2020
fguttridgefi@mit.edu,8249833517,2a$04$H51ISMExsPwn3h/9m6eN1uWwhgD,14/09/2022,12/01/2022
plefeverfj@narod.ru,8709504411,2a$04$nMJrEvqYlWZUwV.4v89iWO.cWRs,06/12/2022,25/12/2020
bmattinfk@deviantart.com,4058244753,2a$04$UTb.0Ss2x0Fy7hSOiLNkJ.S2FPj,19/10/2022,20/09/2021
ctonbyefl@360.cn,3678964872,2a$04$MSDfDVGPws/V94ojVzX43.eXJX6,13/02/2023,21/02/2022
sgawkrogefm@mashable.com,4313559226,2a$04$f7SDK0QZIBujNYbDShrqUOw8GcC,25/02/2023,11/08/2021
cproutfn@sun.com,1774854885,2a$04$CHju9NPiY/Pq0tSVGCoFY.O3t5N,12/09/2022,13/05/2021
abartoszinskifo@army.mil,7778895243,2a$04$MZH9d3IGSf8y5e/6q4.nN.LrJ3a,18/10/2022,05/11/2020
bvasilicfp@tinypic.com,2481253937,2a$04$MfqbST/Tq3uTw/37LdMTKOOsi2G,19/03/2023,29/07/2021
aceneyfq@deviantart.com,1996325754,2a$04$PL/11DX/966jsc/b8qb6guUlM8Y,02/12/2022,23/01/2021
thanmorefr@google.nl,2996924553,2a$04$VxpGfSb96OY9KTfSEPDdLutLdjJ,07/07/2022,05/11/2021
glafflinafs@hhs.gov,1267494828,2a$04$Y6JNzdkWE1BIXbT5NgXgEefhDpV,31/03/2023,01/08/2020
jwellumft@mapy.cz,8755320339,2a$04$PHi4y0y04HNR2t7aFl/rZOk.FeQ,05/04/2023,29/05/2022
mfancuttfu@topsy.com,3337478276,2a$04$/suFEcy9lSkNtKVWEVJWyuxA6ba,10/09/2022,18/12/2021
lbazeleyfv@miibeian.gov.cn,7902167960,2a$04$9CQZxID.AUK3uYRIfjFuaeQyEPy,03/06/2023,18/04/2021
csellarfw@live.com,5767362608,2a$04$bBIHZJ9uM1u93xvigW1GRONGLiv,27/03/2023,02/05/2021
miannuzzellifx@salon.com,6745233513,2a$04$1cfPGDldfFnUCM6BaNHZ2uFPoq0,21/08/2022,05/07/2020
lbennenfy@epa.gov,3804819245,2a$04$AWD2W2r8pS4bnHSz/ygxSONExLL,30/01/2023,18/11/2021
rinderwickfz@etsy.com,4318272582,2a$04$mOWCRLgRc2NZMq7opu1AuO2Xbas,06/09/2022,20/11/2021
silsong0@hostgator.com,9783278738,2a$04$59UwmmexKZlb7qtVnjAjVeHSeVG,24/07/2022,14/04/2021
wwindridgeg1@usda.gov,2531235084,2a$04$SUM/goKuqGxzLCcdiKds1uqUQn7,04/04/2023,02/10/2021
ttabernerg2@seesaa.net,2629803285,2a$04$f1T3qVt2/RWhqkGGcHDuk.kVZru,29/05/2023,01/08/2020
dbirdseyg3@flavors.me,1153330847,2a$04$l5rukhmSu4yz1b7dDhCJV.lkUbd,02/07/2022,03/11/2020
omackaileg4@vkontakte.ru,5688604839,2a$04$pR7pagNGEzh5jBNsRA0feO3KQu0,03/11/2022,22/04/2021
pcubittg5@paypal.com,6324696989,2a$04$gPZPmYlIYJj1ZknyG27L7u/mvwf,01/02/2023,05/07/2020
gmcquing6@vkontakte.ru,9536434684,2a$04$IKOtQoWUc4zxwRz4tjMs6OrYgnI,07/05/2023,02/06/2022
jbrasteadg7@xinhuanet.com,3055856244,2a$04$xU3TUbal5Hoto5G6GUrqlORLzO0,12/01/2023,07/09/2020
guttridgeg8@example.com,7289496962,2a$04$jqSQKV5XgSxeQp9PqOIOKuKIZGU,08/08/2022,27/02/2021
bbundeyg9@icio.us,6291176819,2a$04$Ra0QZaWkHsGDJI6E1N5xLegsE7g,06/10/2022,29/09/2021
sgoodreadga@google.pl,4666809783,2a$04$KOadTRkmSx5I.o3V54lhG.bksVa,29/04/2023,03/12/2020
wmckimmgb@photobucket.com,7538286317,2a$04$hFfCTigjqLeu3HZkKIRH4eLxifY,07/09/2022,18/05/2021
nstollerygc@intel.com,9061345189,2a$04$snQlaw0gUmruxlKShxaVreUslEY,02/03/2023,06/09/2020
scandlingd@barnesandnoble.com,5304641610,2a$04$TfqTEifwEiwwBuzCextEn.ytdsD,26/06/2022,11/01/2021
gomandge@macromedia.com,4667342734,2a$04$rTvw9R6PxyUxk0FxidJhAuvUAfF,26/08/2022,30/04/2022
otorresigf@vimeo.com,2628583085,2a$04$tgdIP7HY7eTWdSXOW67IUeIW9cd,29/03/2023,02/12/2021
gpendletongg@amazon.co.jp,3477772665,2a$04$F658hDuHMEqP6YX7/LiiCO8hVNK,21/09/2022,02/10/2021
hagdahlgh@dailymail.co.uk,8057833433,2a$04$0K9hZR0kJOVpIlp3hxTEue/bbYi,11/02/2023,15/08/2021
gluxongi@geocities.com,1513747750,2a$04$edHh056mU4FDKrb9h6yJ2.F/5uF,07/05/2023,17/12/2021
nstraniogj@gnu.org,2867541967,2a$04$imFpcoy7QUWzJVfuVHftA.ulUXn,29/09/2022,25/07/2021
arungegk@zimbio.com,1396633027,2a$04$gA64c1YUu3RjnOce7MxRWO3mLMF,12/06/2023,07/02/2021
djandakgl@mapquest.com,2913260457,2a$04$XioNP0.X5x/TheT6.Z/OFOQO/Oq,25/06/2022,26/03/2022
oandregm@over-blog.com,5476673094,2a$04$/zAlwUUnZygqQncj3GHtrejWSHE,26/10/2022,08/05/2022
dhacklygn@studiopress.com,5736858293,2a$04$2qZ5vDjf27TQmAgbY423JueqT9D,06/11/2022,25/07/2021
nivanovgo@free.fr,7287472564,2a$04$emYmtc70nA5OeJ/VwtDIU.HsJ2j,15/03/2023,15/12/2020
bhaddingtongp@disqus.com,6967057070,2a$04$2vRSUNivTi/A8gxwDKmIyOD13km,02/09/2022,03/03/2021
wtrevesgq@feedburner.com,2582242811,2a$04$u7C38edahtuErxUbqqCuIe916Z1,16/08/2022,16/05/2021
pfotittgr@senate.gov,2798177137,2a$04$H8hup68R/7rHDvZSS04c8O4rvA4,17/10/2022,13/09/2020
scharnockgs@plala.or.jp,9004584688,2a$04$1kO6NnKV4RtBeQWhpOpHSu//bxA,18/10/2022,03/11/2020
dforrestillgt@harvard.edu,6512656718,2a$04$aFj/XwUWetnHGqXG9UyImeu36Z7,15/04/2023,24/04/2022
despinazogu@unesco.org,7188287783,2a$04$UR2WszhC.OfdonAr6o7Ld.0d21z,05/04/2023,22/01/2022
hscarsbrickgv@prlog.org,1999201770,2a$04$wZAOyq.zxTcspiJ/CY0NCe7GK0U,22/07/2022,25/01/2021
jthornebarrowgw@barnesandnoble.com,6893974939,2a$04$90vf949HCC5xJTm34j8Sj.ZB8vE,19/10/2022,25/01/2021
gbullentgx@feedburner.com,4979420253,2a$04$7P1Qyl1UH7J5umzQ4WrH5efxN5a,30/04/2023,21/12/2021
aknockergy@webeden.co.uk,9144982983,2a$04$3.j3VM1Uhr98aX5G8dN52O9o8Tv,27/11/2022,19/11/2020
subeegz@example.com,3898205102,2a$04$s3vs1UijJ6FSfMXyt1N.yuPcbsM,19/05/2023,19/08/2021
jpantecosth0@mashable.com,8046111982,2a$04$Qm2ksdctaOGr2abous6r2uuCpVF,11/06/2023,15/10/2020
sfarguharh1@europa.eu,1513028762,2a$04$Y5UM1rS1ObW.SkWOTD3CveOymGa,27/12/2022,22/03/2021
fyeah2@ustream.tv,7251216694,2a$04$4RKPFDPuahPsR0xrXreuVuPQmpr,30/09/2022,23/06/2021
egosdenh3@scribd.com,1054302118,2a$04$P9Wd3pFEiGMH2HOGeGWTBOy7icK,13/04/2023,10/12/2021
rbeethamh4@artisteer.com,1043414736,2a$04$BwMjXaMAMJzNhw5.PAAbAuPr5UM,07/12/2022,19/01/2022
cfoystoneh5@jugem.jp,1258119485,2a$04$kzuEdAACfRx9j.LecMuMZeWUN06,16/06/2022,25/03/2022
emckiernanh6@alexa.com,7036716987,2a$04$hLnkLuddGZ0f53/wxjkJAOb2wvQ,15/11/2022,16/09/2021
cveckh7@aboutads.info,8123661790,2a$04$sZ9LR/atAKw21oxnCXV8I.wTN29,26/01/2023,06/06/2021
kzolinih8@hibu.com,5213347750,2a$04$csRHSncl1RoatwGyhrhC..Cdaoy,13/02/2023,19/12/2021
asaundercockh9@jugem.jp,6137726430,2a$04$EG9Iul1Lq7Ajc0D9FwosjOzAK8D,25/08/2022,19/03/2021
fseilerha@wp.com,5669111943,2a$04$w1/bOeGutg1ALsoH9uctBeEF4re,21/03/2023,14/08/2020
kkillichhb@ucsd.edu,5899810792,2a$04$X4R00EJMMJkv897x7UdvJ.8dbFR,09/02/2023,31/12/2021
lbeckworthhc@umn.edu,9042522099,2a$04$N/cuVZiVRxbHLz52db11TuTj/U0,12/10/2022,10/03/2021
kgaymerhd@fotki.com,9906421767,2a$04$YicWN7gLovUowKjuveKq.eXDdwW,26/01/2023,14/09/2021
akimmitthe@chicagotribune.com,7873240176,2a$04$JYk3DE5xOvDQxhhNo2q7h.1y4.x,26/03/2023,17/02/2021
nmagwoodhf@about.com,5893111721,2a$04$b7suLGvWZ.PpaBqEjmYML.giNHJ,04/07/2022,01/11/2021
pkerrhg@linkedin.com,1268687118,2a$04$BNU75graX1P6Rin1jaU.suNbxLp,27/01/2023,18/09/2021
kblindermannhh@mozilla.org,4557392096,2a$04$1IKvYutmWQn/5LGrmfpvIeioZaP,05/06/2023,09/09/2020
lhalfacrehi@dell.com,2196643355,2a$04$K9HL46POCQbhX.5suvd6UeIOpdj,30/01/2023,03/05/2021
mclutramhj@yellowbook.com,1755848072,2a$04$c88N.DDblp6Mo7qpNNxmXejy75w,13/08/2022,19/04/2021
tkenawayhk@samsung.com,8326733063,2a$04$Uvy2kfhV.DHPFZ9SNaL6Letj.oD,24/04/2023,21/05/2021
trobbshl@liveinternet.ru,7085821461,2a$04$/TUZUM4EUNGovBwzoeMTRupSk.n,25/04/2023,14/07/2021
wlatheehm@icq.com,9931967020,2a$04$ttROYTFArlpmkwUBmJSSdO2r3nf,10/08/2022,13/07/2021
hmurdiehn@aol.com,6804137286,2a$04$eJJIUTZCWjkvv.7FwhN6.OL0iF0,12/04/2023,21/12/2020
driselyho@house.gov,3803948457,2a$04$2mRCAkg4qExXxzqc2xL8FentQuE,06/10/2022,07/06/2022
zganforthehp@nydailynews.com,1483721228,2a$04$W3hGz5EohhM.qp/tLG81V.v8cmP,28/12/2022,19/12/2020
hberlinghq@soundcloud.com,8782212187,2a$04$84yAIQifAaQHBGngSIcg8eJIeA5,23/04/2023,14/08/2020
sphizakarleyhr@hibu.com,4856289284,2a$04$5biFLbwxh0q1ThaZ2YQ7queFCOB,13/07/2022,09/02/2022
chindrickhs@t.co,9608902597,2a$04$ZCP9qyvyuOd2MsrDks9q/.47thk,01/06/2023,17/05/2022
eaizkovitchht@ox.ac.uk,7619281794,2a$04$En/DwCFvaJFermLwMBkwNuTOG2p,23/08/2022,22/07/2020
sminchindonhu@mlb.com,9001910632,2a$04$AxzDyTnKcR57OPk18M36muMgPcy,31/01/2023,07/02/2021
omobberleyhv@umich.edu,9036712042,2a$04$MhV3Coa81TK4lnbe4u1d4uK36kJ,11/03/2023,06/07/2020
tstilinghw@mapquest.com,9216561107,2a$04$K2PrvafJap6fZkE1CN.RK.PmM1G,21/12/2022,25/05/2022
mvowellshx@weebly.com,2996342828,2a$04$v3hYR7gVqHfNFDjiu3F07O2U7e6,09/06/2023,08/03/2022
kogavinhy@globo.com,4267370538,2a$04$Ee6V/KgG.7RRwI5tBYG38.jVnCy,28/01/2023,28/10/2021
torteauxhz@etsy.com,4617849140,2a$04$Z1UlFsAwN60fD/2AgKP9hOrwuzX,05/12/2022,12/04/2021
chavesidesi0@yelp.com,1623429136,2a$04$c81PUzQiKrqg.CyrpFzggO4K4xB,13/02/2023,22/12/2020
iwardropi1@diigo.com,6475606434,2a$04$KE3uePD7NHucMsMthicTFOGlVOA,25/09/2022,07/06/2021
aalltimesi2@google.co.jp,1571328927,2a$04$X8SaaQJMBCtso37kHTxgyOhG4NP,23/05/2023,28/04/2021
cmcgeffeni3@webmd.com,1072307271,2a$04$yKgE9s6ddF1EinZZuUM6Ke2meWJ,07/05/2023,16/02/2022
kpylkynytoni4@wsj.com,3523212704,2a$04$yenx7IWNsFVY312.sHJPyODyPVU,25/04/2023,04/04/2021
asawelli5@privacy.gov.au,2695246280,2a$04$vZID4srgb8QJ1KpSZUOe.engfFc,16/11/2022,24/03/2022
kguirardini6@loc.gov,6507145613,2a$04$VqK7Y/FOkJ/xRMy7k6ASHuUVD.J,04/08/2022,18/12/2020
apenburtoni7@imgur.com,6023689393,2a$04$JwZ2KZLNlqXXd79MgPM5m.Ir/1I,06/07/2022,14/08/2021
gadderleyi8@stumbleupon.com,4666960699,2a$04$9OYaNpToLqjEMSkDdd5EnOZhO13,21/04/2023,18/12/2021
tbrooktoni9@usgs.gov,7552578097,2a$04$DCKfjGJWpLKgkQv302.K4eGbnJg,01/11/2022,14/08/2020
tmaunia@parallels.com,3123939736,2a$04$4WIWtJMcObBGWcLfawK65uSJO2x,14/03/2023,17/12/2021
jvasyuninib@umn.edu,7224469801,2a$04$NfPAD.Zs1gkOXvmvvHfsB.zDZ8d,27/01/2023,21/09/2020
vsitlingtonic@hhs.gov,4376421625,2a$04$bYnU81TA.zNt/MBr0jolG.54UGh,20/07/2022,04/10/2021
mbycraftid@digg.com,8368014445,2a$04$PzmKw1yoRQ7t8Dcrf/QnY.19ULS,09/06/2023,15/01/2021
emcharryie@seattletimes.com,4867059450,2a$04$Oewkr2dMLskQuInBsZLYZuJ6/8Z,30/10/2022,04/11/2020
isirmondif@columbia.edu,7817481669,2a$04$MlzyFQUX.ctaDp4niGJCwu/3BjL,29/11/2022,25/09/2021
rrenishig@xing.com,2157055004,2a$04$nH7/z/BKz0/Vgc.PfrEVr.O3tjZ,13/03/2023,24/08/2020
acroallih@drupal.org,6414832068,2a$04$8/weaiSQpxVx/EbiEfHBbORH8sF,29/07/2022,06/09/2021
mgoutcherii@umn.edu,5749697618,2a$04$S9HqzD9MyQpaQwXVWaI31uRL.SC,22/11/2022,11/02/2022
chanlonij@exblog.jp,4302286427,2a$04$MWwou6r/HJSlStjxfZ.4TeZWC/w,02/04/2023,24/06/2021
sburrowik@redcross.org,7509878180,2a$04$x3YGoORip63dqPZZDaXoL.xK8SD,04/09/2022,23/10/2020
hminardil@chronoengine.com,8699003202,2a$04$Mws/Q7ZrmTfusZqnGYhzVeA9VsS,13/04/2023,01/09/2021
mflaunierim@loc.gov,7093476157,2a$04$wiTDHejtV02fRGOcB6vu7Ozei4T,18/10/2022,21/08/2020
wmillomin@github.io,8123871925,2a$04$./1mrL8IRUlJysnqpqfJg.UMyOL,17/10/2022,13/07/2021
dquereeio@theglobeandmail.com,5757211580,2a$04$C/u3Tq1WRXs8Ig6hHN8ou.Iuct8,20/10/2022,30/12/2020
gosgodbyip@squidoo.com,3181003348,2a$04$hLc2yl2xD2dOt1IriLxTcuxkY6r,11/02/2023,26/09/2021
pleminiq@epa.gov,1253785939,2a$04$BJh0jxIhHwavDRd8TYpeBOBrouy,16/07/2022,07/01/2021
pdumbrallir@quantcast.com,2131887013,2a$04$KU2iLrKtxNp5iZ3GJhGO7O8MVd1,20/08/2022,07/01/2022
rbramwichis@google.co.uk,9511242258,2a$04$GUTsdAWqiivo1XnIP1z0lu7gJco,24/10/2022,08/12/2021
epaineit@dagondesign.com,1664526994,2a$04$xhK1hN52kD2onTQfIIz75OUZ6I0,29/10/2022,12/04/2022
stwomeyiu@nhs.uk,8902688925,2a$04$3Z0IRZ2/c0UMKg8YjXuVmet73H/,28/02/2023,05/06/2021
lsnasselliv@archive.org,8537451110,2a$04$9vQSEBOCh6LzEwWm8hQhPO8SZxf,04/10/2022,15/11/2021
smurchiw@sitemeter.com,2199762351,2a$04$zm2lT30h3Fr1JtCoVs3CGOEzNGb,24/04/2023,01/04/2022
cpallentix@reuters.com,4667600292,2a$04$kdcCmcIY1.RBSe2QhNjZ4eFk1gi,15/10/2022,26/05/2022
kbriskeriy@craigslist.org,9048571376,2a$04$cC39NV.sngvIzjXU7BF27uFqb2Y,15/01/2023,26/11/2020
wpursehouseiz@histats.com,3065542158,2a$04$6uTIqcrnVwaby2Q1nvl0hO5dUP0,16/09/2022,21/02/2022
hleevesj0@ca.gov,6357366199,2a$04$Lp9nRgyCMJg0juKkD.qaTeS31r5,24/12/2022,30/03/2021
rdillistonej1@indiatimes.com,5916263649,2a$04$8fczXoMwKuyFzOXDpSU7wO.vbxH,06/04/2023,27/10/2020
rlovegrovej2@tiny.cc,6341506101,2a$04$hh7ywKLP2JIwi6J./mCdEOFCUx8,28/11/2022,03/02/2021
gattyeoj3@youku.com,7152227798,2a$04$JBCFWVz5Rm3FbjEGu1atTO913jv,14/05/2023,27/06/2021
lrubbertj4@ted.com,1067322984,2a$04$CFQDnRBP5wsfT3sLZQwLHuC/fuH,18/12/2022,31/12/2021
ocaselj5@cdc.gov,2544383559,2a$04$bfoRLCXJpaRBUuiDFcYplebz7dq,11/10/2022,23/10/2020
alafontj6@time.com,6906247924,2a$04$SpWY14O3QppbUvQH4rWgo.AMKXI,12/08/2022,17/02/2022
molesj7@naver.com,1136387262,2a$04$ZN9ZcZmWxMYVgKr7SabQqeAzaH1,29/04/2023,05/02/2022
jgionettittij8@tiny.cc,8565930501,2a$04$ed1kLdzdKBdddrZqJzdDJuU9jP.,14/03/2023,26/02/2022
anoddlej9@opensource.org,7703835553,2a$04$i0pni5RGnUzgdTzZqU7JuOvlNHT,17/07/2022,12/10/2020
bdunstanja@lulu.com,3998522854,2a$04$Xuv.d.9yrXqn55d0x1DCNuPJf9E,03/06/2023,23/01/2022
glipgensjb@geocities.jp,2611334407,2a$04$kDUlfOWkzwliltATsedRCuSlGne,31/10/2022,18/12/2020
edigancejc@cocolog-nifty.com,3967471971,2a$04$YqB7vCvCoLwDKQc/MCMLj.OwjM.,25/06/2022,13/03/2022
vkayserjd@yahoo.com,2673030492,2a$04$8mvS6vDtFUp5RiBo8AfnReOX7/F,16/11/2022,12/03/2022
afashamje@arizona.edu,6579572762,2a$04$Wovt3NYpNjvcd8txPMO6GufSjYX,03/12/2022,04/06/2022
lsimperjf@typepad.com,2824324203,2a$04$hgICIs3a54FPqfGyeRduEOFY58/,09/12/2022,18/01/2022
dwrankmorejg@shop-pro.jp,1592059884,2a$04$2U59I0JZ1.YEFVWBnZqASuMUtTb,28/05/2023,06/01/2022
acunnowjh@shareasale.com,4333369429,2a$04$bWIOEeJ5EK.6VxiDrcsoVOW9zjr,24/11/2022,28/02/2022
gbrinsfordji@bing.com,9824186135,2a$04$1gWMKJ9tUsNfXJn8hwRk/OsmCUi,01/04/2023,09/07/2020
mwoolagerjj@mozilla.org,6306228135,2a$04$WxdOLysWHfwIVt3RvLOMVeMGLzI,03/07/2022,06/07/2020
zdaneletjk@netscape.com,1087022315,2a$04$gHYV2H.DouPB3GhsiqrCZeBlwDO,13/06/2022,15/12/2021
mscatcharjl@uol.com.br,2122353775,2a$04$MQYemPoH4zgZEYfofKOzJ.E2fzc,29/03/2023,06/04/2022
cswinejm@wikimedia.org,7642864261,2a$04$sZaIamJaNLv95oPFJGeIRu5/QH2,20/11/2022,04/04/2021
smeaneyjn@naver.com,2021014595,2a$04$BZ63Ohrz7Fw.WkhCTbXtoOGmXwT,23/06/2022,29/09/2021
zlittleproudjo@ft.com,8284300979,2a$04$cPnslUkUbZFsRr9DsmQReOEReaF,13/05/2023,09/07/2020
rjayumejp@seattletimes.com,3224489177,2a$04$zOiolzOm6BVn10L6gPv4yu.zIze,26/07/2022,19/07/2020
lrenackownajq@oakley.com,4868046035,2a$04$XmZmu9toantKXZ.VtWsB4OhxXzi,18/12/2022,02/10/2020
dgoulderjr@sun.com,5814747909,2a$04$4xgKOWLs/gGKhPDzaqaUF.DybnY,26/01/2023,02/12/2020
jabbattjs@nature.com,5569535699,2a$04$YjXCETWFxvVQoBgKZE92vOh4aNJ,10/08/2022,13/04/2022
klewendonjt@amazon.co.jp,5156608278,2a$04$R9yLgJQcgOWF6EPW7kbL3utotCB,22/05/2023,27/11/2020
cgavrieliju@army.mil,6306544991,2a$04$gKPDXctuSi/d3K5qWVlRYOiz7i7,14/11/2022,26/01/2021
kmccoughanjv@livejournal.com,4591154511,2a$04$Jn6E.4KJb/xFt60KBh/to.92NW7,02/02/2023,08/10/2020
mpechajw@youku.com,6477547080,2a$04$0ehk4kyYOOOST2l48nvMYe07N2o,24/02/2023,10/06/2021
gmorteljx@youku.com,5948285770,2a$04$49xSKLq6dNi6cEhvYZ2koOl6VFT,09/12/2022,29/05/2021
mbuddockjy@storify.com,5648202974,2a$04$M9ps0tEDlrYtu5wUBHzEWecrVVN,08/03/2023,27/02/2021
dkleynermansjz@tuttocitta.it,3256829412,2a$04$IcVkzir8TbuLF4dihmUNSueSh2e,02/09/2022,26/12/2020
ejaimezk0@t-online.de,5334963710,2a$04$etoWSdw.YvCFAN.5ZKBSxebJufJ,10/12/2022,11/02/2021
mhaskellk1@census.gov,1999104911,2a$04$DSKvgHqtp1gxjdA7KndDx.TwBPm,18/02/2023,22/11/2021
pgregorik2@omniture.com,2621044736,2a$04$Pt65PpDrXM26j43d1eRj3.82/Fx,03/06/2023,02/03/2022
bprovisk3@google.es,8249221290,2a$04$g8HCff3urP1wuxnVHZZ9yeOH7VY,05/02/2023,28/07/2021
cbedberryk4@prweb.com,4775720961,2a$04$6Fu1v7XmD69D9mGpoELPCuC3Ptm,16/11/2022,04/06/2022
cstoecklek5@1688.com,1398535814,2a$04$KQcrdPE4uH42e1gwATDmVes052c,22/07/2022,25/10/2020
bbustink6@goo.gl,7355848088,2a$04$JNURJaUem77/8POF47PCr.lTEZV,11/04/2023,24/06/2021
nruddiforthk7@salon.com,1928126245,2a$04$nNUFBwRiGC.2VHIr2B9Xnu021Ho,24/11/2022,23/12/2020
asissonk8@pen.io,3445496685,2a$04$FoVHc7nsmQi08Ce2V7w7s.3sDOM,10/07/2022,20/07/2021
ckerswellk9@msu.edu,8689009661,2a$04$CP2CnGu3TzjpyaywCAPrqurQEiy,24/04/2023,06/04/2022
fmactagueka@hc360.com,6011703859,2a$04$IuxmyufwpNAre79yx3eNB.95N.8,29/11/2022,27/07/2021
rbrassekb@time.com,1543285098,2a$04$/4nskD4W418H/ykqYlGtM.fGrLK,30/05/2023,27/09/2020
jpinwellkc@ibm.com,3535994975,2a$04$tTL9cDOuj8CMgB.ExMe5WOgaU22,21/12/2022,09/06/2021
thalegarthkd@indiatimes.com,4241509591,2a$04$7vVLlpmeN7BHhRarY4NYIOXvLsI,03/07/2022,04/11/2020
xshackesbyke@cpanel.net,4853165651,2a$04$u3CNtZOx3nZxdyQqV5wqAus0oX7,24/07/2022,27/05/2022
pjeckskf@webs.com,3385141908,2a$04$3IiUolepqHG1bboB.m8f5uJAKLh,26/12/2022,13/02/2021
bmcconnelkg@123-reg.co.uk,2841803285,2a$04$ZviYf.gZwjVCx00uPvZVLOTgZTT,25/03/2023,27/05/2021
dmallallkh@census.gov,5853311465,2a$04$i9aInIh8pLDQhCz319Yfw.JHnWF,06/07/2022,21/12/2021
mliptrodki@twitter.com,7314152586,2a$04$G/Towgv/.0aEYnMSHst0eOec2FP,16/08/2022,27/11/2020
jkretschmerkj@timesonline.co.uk,7573871156,2a$04$STzlyF2NSuaDWtxn1fj/V.niJUu,09/09/2022,06/02/2021
mlookerkk@chron.com,2752679351,2a$04$cKzLm6PrPAvumaQSur95kOHDcUQ,04/11/2022,23/09/2020
cperrykl@wordpress.org,3666071983,2a$04$hf83upXJnFP.nFuqokASGuuGKqT,30/12/2022,04/03/2022
btirreykm@technorati.com,6374696577,2a$04$0H.3wYxReYllo7BVLftIIue5NNa,23/07/2022,29/08/2020
elillegardkn@marketwatch.com,7377650811,2a$04$pYKfwKn3JuT0gDZ6BNZZCuQuGOK,13/11/2022,28/03/2022
jdellarko@senate.gov,2772741935,2a$04$bjtmFWLWQY7MXqwJyAR9mOoOoNK,25/12/2022,22/12/2020
mspeirkp@quantcast.com,7983254135,2a$04$n.Kc27VZujLgoqZ.S0DwTuHFkQz,06/06/2023,21/06/2020
adumphrykq@reuters.com,8392879109,2a$04$bMh7KUpBBiNZGvOLLZ1CEeVG/06,03/08/2022,12/08/2021
wcowingkr@google.fr,6662204332,2a$04$Jt87/AyQ9tZIr.f/8DU8euHyPxI,08/10/2022,11/10/2021
dmicoks@businessweek.com,8871145471,2a$04$p5NtYYY5U/dV7WMVyvfB0.aPTJj,08/03/2023,27/10/2020
kmarkussenkt@illinois.edu,5209577772,2a$04$skDFQMyD64EbWUx2k/JdS.PGtH2,20/08/2022,25/09/2020
nmoremanku@mozilla.org,4059702109,2a$04$c/gEVctaNlJBBugymVxqzO1rwwS,20/05/2023,05/03/2022
ffransonikv@twitter.com,9781945452,2a$04$rYUtE533Ju17VztA7Gobi.OP13m,23/11/2022,21/01/2021
kdantonikw@ebay.co.uk,8161399879,2a$04$58HPaYYbgnOOhOdd//fbZ.Ga0Ah,20/06/2022,25/02/2021
iruskkx@cam.ac.uk,3315677006,2a$04$ztAbCmGg6cK2BMPuL3zUTeSi3zM,18/03/2023,15/12/2020
btunnacliffeky@mtv.com,5293806081,2a$04$W/mIzHmTBpwHtC808/ete.NMnRd,12/09/2022,01/03/2022
hcoalbrankz@mac.com,4837518627,2a$04$YTd6namRvqGsGKA7mU7BZuo8XAo,19/06/2022,23/09/2020
aburkertl0@reuters.com,3579074970,2a$04$eN5H..Y9wPPQpaxmTvVjBexbLR8,22/12/2022,24/02/2021
meckersleyl1@dagondesign.com,5246562215,2a$04$Itfh54VnNJK8StttRPIcX.P7ZIu,06/11/2022,21/06/2021
hinnmanl2@cocolog-nifty.com,1055261608,2a$04$i2Ko6SwDN7k3XsJ8qQQQ4OIFOXm,11/07/2022,20/06/2021
djanuarystl3@pagesperso-orange.fr,2804056876,2a$04$ZvaznTwjY.7Zynaf1og2A.oGIBW,20/03/2023,01/07/2021
mandrusl4@kickstarter.com,9573062441,2a$04$QrmAs9KST4wPXQyG0E3kfuIv0Gp,18/08/2022,16/06/2021
gdreverl5@de.vu,7942793001,2a$04$/M8Ck472cpZxwOBS2JzoqORdA/l,23/09/2022,23/09/2020
ifawlksl6@mtv.com,2771589030,2a$04$WqFY8dbu07GAywTjC.SYkuvSTmU,11/08/2022,17/04/2021
qbradwelll7@redcross.org,9083706703,2a$04$DoQJNKjeciNCr7KncSoGn.omZTe,16/01/2023,19/01/2022
dstoltingl8@dailymail.co.uk,2662003185,2a$04$pvv1XYs4Zq7XgFNJ9RSK7uR4O6i,20/05/2023,06/08/2020
awilmorel9@wisc.edu,4214674423,2a$04$qq2QPJbDo2NtIl/xd6Dkbu1231w,25/10/2022,30/04/2022
esouchla@newsvine.com,5898116918,2a$04$jNYCg5/Hgw/28KsMfEcB2OtDEgn,19/11/2022,22/01/2021
tharrowsmithlb@webeden.co.uk,7954200607,2a$04$tDzcqqftXAcwsZE7CRcpSuITcU4,11/01/2023,14/03/2021
lsaxtonlc@seesaa.net,9547660172,2a$04$mYVv5EA8WhXV/Zg5k5v/5uuJ1E8,02/06/2023,21/03/2022
epressleeld@devhub.com,2792621245,2a$04$m2paF7GLpRAtlKfBZwCh5elSyLy,03/10/2022,28/01/2021
twyardle@sun.com,3983981866,2a$04$obdRoMw3hCoulgmctyJdQ.PwF.7,23/10/2022,15/11/2021
icollingdonlf@blinklist.com,1216380465,2a$04$bi20EE8wW9w9sX0WV0/0SOS/wxw,11/06/2023,28/09/2021
ayakubowiczlg@google.pl,5274233369,2a$04$JY/sEj42J8ggpRfy2P3R.eIYrD2,20/12/2022,11/04/2022
adibiagiolh@networksolutions.com,3105165562,2a$04$mu73Lljnqssax19IfE3npOQ0f.C,13/04/2023,20/02/2022
mmockerli@skyrock.com,6885733409,2a$04$gnjC14U/a83AXcOxMzD/Vu8sDLC,07/07/2022,20/05/2022
rduffinlj@myspace.com,8614806722,2a$04$BYPiMCiKFaWhnVhwo.fNme2joyX,27/11/2022,19/10/2020
ahinstocklk@tuttocitta.it,5388533201,2a$04$kTA6SdmMSvtxxY.J7jke1er2JUe,21/06/2022,21/06/2021
tbrackll@nih.gov,3143560226,2a$04$ulTqWU8jLN6NGQjAE2ozj.4kaF5,28/04/2023,20/10/2020
kvasilyonoklm@npr.org,4308519981,2a$04$ocAdHKIDZu3yg35zKop6lOwPic.,12/10/2022,10/07/2021
dsneathln@amazon.de,1755803008,2a$04$Txn2Tusrmliiz59A.xYFZe6kjLg,29/12/2022,22/05/2021
ffairheadlo@people.com.cn,5945573690,2a$04$ZNmoq7BREAJiDY4TT6IqEu.0J9C,26/09/2022,12/04/2021
lrosewelllp@theguardian.com,2027798224,2a$04$EmSiWuUKjSGHyli1JNSKeOVFgJN,10/12/2022,24/01/2021
cknightsbridgelq@goodreads.com,1492867907,2a$04$cd4A.1ctTRRxMMJpcwCv9.7J0L6,01/03/2023,21/05/2021
ewofendenlr@washingtonpost.com,6187248716,2a$04$H0xfTjB29HQAjhWh/EinvuNQM3Q,31/05/2023,23/03/2021
redmundls@weebly.com,3297485999,2a$04$yrOVbXuo9FRkM0FJsRmq9.fbV35,18/02/2023,11/11/2020
fkrauselt@tripod.com,1509274701,2a$04$ZwlHv0Hqd40GtSa6FmfNMu02BsS,01/04/2023,30/08/2020
mebbinlu@instagram.com,2427322308,2a$04$WhcpbI6txdPS7L36Iv2QJuwvPhl,31/12/2022,25/06/2020
cabbielv@desdev.cn,7429925369,2a$04$wCCmR6dmw6ZJt5MPuFYUCukCEWw,16/08/2022,23/09/2020
doboylw@nbcnews.com,7741843242,2a$04$z7laeffmrsUuwTiOd5l0iOlfG5U,19/04/2023,22/04/2021
irawlinlx@epa.gov,2076196056,2a$04$YbBiemnmgLduYauWtiYyTehE1Jg,20/09/2022,05/02/2022
mmacgillaveryly@freewebs.com,6906498900,2a$04$/Q.vOeawCm2/efxW/HBFROJdErz,11/01/2023,23/08/2021
pfowleslz@imdb.com,8771210009,2a$04$VuGFq9broNYvZZEvvICLMuWg1cv,08/09/2022,07/06/2021
mcreedlandm0@cyberchimps.com,5613021649,2a$04$UV7vxoAcG.mHYSxgSKSSHuYTQ82,29/06/2022,12/06/2021
gfarnym1@foxnews.com,4386008844,2a$04$F1mjHV5Kx/AhFzkjPFzFKuy3DIR,20/12/2022,24/04/2021
jmellanbym2@cdc.gov,5342767729,2a$04$286pSKxq73d2KuliT.kfj.3dpJD,03/03/2023,28/09/2020
smellorm3@bloomberg.com,8652277051,2a$04$LzotS6fjtynFNQEGQgeAg.dEHL0,16/12/2022,17/12/2021
hgrzelewskim4@tuttocitta.it,1872385536,2a$04$L9k9941LV2AhplCd1eF0COBgCpd,18/01/2023,24/09/2020
rhowtonm5@dailymail.co.uk,7674134806,2a$04$xNuxyo4T1DOyjPfD8exxLuvqMdj,21/02/2023,15/02/2022
lpoorm6@pcworld.com,2689266028,2a$04$PPZtuxVBR5iq1YP0yZnU0.7NjC2,12/04/2023,13/07/2021
gbollinm7@blog.com,5015302555,2a$04$1.exx7LYhTC3e3HS10m6kOU73L7,06/05/2023,17/11/2020
gwilcockem8@nymag.com,5292586621,2a$04$KyTYWwQnQy.BdTcCt9F3POJmTuK,16/10/2022,19/11/2021
bhammerbergerm9@weebly.com,3965100136,2a$04$YbxLedVXfFnUIju6KX2PXOV.TLn,29/10/2022,20/12/2020
mbeadlesma@free.fr,3774139908,2a$04$CsWRoS84mOhM4geHEgAM6e1ewze,13/02/2023,18/11/2020
tclampemb@free.fr,3366867699,2a$04$AH5JVH0Vu42XNvPCwKE4t.UaR19,26/03/2023,04/04/2021
cjosovichmc@dion.ne.jp,8598680300,2a$04$G4bRjwwG0HJzknXS3MFlm.VRd.Q,29/05/2023,05/12/2020
bvannoortmd@stumbleupon.com,3576113115,2a$04$ucfdeXd0Y2Rh2Ohi2t0jWekHWi3,01/07/2022,18/08/2021
cneeveme@washingtonpost.com,5653463114,2a$04$7F8FkEx30ZTzRAeNWxONBOxHfrO,25/07/2022,15/08/2020
dmatthewsmf@soup.io,8761832816,2a$04$wXB369IiGjtirSKz0yQj4.xfZ47,26/10/2022,15/10/2021
dsurmeyermg@mozilla.com,4966047523,2a$04$d1yqb0xMuHqXfOGGc4Y21.qjSJC,16/01/2023,07/07/2020
cblakelymh@hc360.com,1565774626,2a$04$ej/AWgITRkEbR3dDx9QlAuD25Dh,30/09/2022,19/07/2020
ggoldsberrymi@yandex.ru,3697626519,2a$04$YCs7ua64hjSKOEjlZ5AQyOsXIiv,09/05/2023,27/03/2021
mdanielymj@mediafire.com,8068583928,2a$04$sRaimjAYNQ7svUU0sOcK7.wXdCb,04/09/2022,12/07/2020
mfoxonmk@ustream.tv,4068965938,2a$04$3a9DmaGncd0veKDZKSpp2ucECzt,06/02/2023,12/01/2021
smccaughenml@elegantthemes.com,8573789444,2a$04$pVorbeFlLivKWdPwmDUOmuMmz3D,13/01/2023,04/02/2022
pdanzigmm@cnbc.com,5267986275,2a$04$di006dum55b9mDuIdhUaAOQ0wTs,03/10/2022,18/07/2020
kcamellinimn@last.fm,2008672670,2a$04$U2gItlmvIELPXluQJLyAROPHLRa,02/08/2022,06/09/2021
rwhetnellmo@mapy.cz,8392160697,2a$04$varqSi7mL13klb8zIRBVHO3P0J5,30/09/2022,22/07/2021
oodonohoemp@baidu.com,4971474693,2a$04$ryb3fXW7Go5.m.hKEo1W6eHdICb,12/06/2023,30/03/2022
dmatasmq@constantcontact.com,9053555622,2a$04$42rxhyDs48KrMi6RpRtFHOFL2EH,25/07/2022,24/06/2020
dlickorishmr@scientificamerican.com,5802116595,2a$04$rTHSx0tZuFLGymYDN1U2nOmJ5N8,24/02/2023,17/01/2022
bjansems@cafepress.com,3078062727,2a$04$qXM.gCxPpjX0DHM.H5j48uTUrl7,21/02/2023,01/04/2022
scroommt@bizjournals.com,9652763895,2a$04$U8Vyl7V6LDc9Mb5EcEyRtebtJ5.,11/03/2023,14/01/2022
wleroymu@java.com,1493867252,2a$04$IOelMceBNtr8UT1Kr.76wuzwvj9,15/01/2023,21/05/2022
adarkottmv@wunderground.com,3276352803,2a$04$zxoBT8XGAqCsk.BVdFV4NelekhN,26/07/2022,23/11/2020
wcaesmanmw@cnbc.com,2894585722,2a$04$clG6g.u31PZeOJJrEpg27eYwu1i,23/10/2022,23/04/2022
astannusmx@nature.com,3272239333,2a$04$6zLUg1QrOCFAuPEK87K0dO/mScK,21/09/2022,21/08/2020
mkelsowmy@google.co.uk,7018558358,2a$04$X.gnoPUQVG75lmOu2sSBX.T/lML,31/03/2023,14/12/2020
mandrusyakmz@shop-pro.jp,8307249516,2a$04$fLr3hwTnxEvN4tA6kjR8L.D0euD,23/08/2022,11/09/2021
pshambrooken0@flavors.me,4024022340,2a$04$JKcuxLLzAEgwJtEDwQ8GnuRA9e1,07/03/2023,07/06/2022
mgrishakovn1@fastcompany.com,9579331453,2a$04$sCKZokEnaGmX1J3kzK8JaOKPZss,01/01/2023,03/09/2021
wyerrelln2@google.com.au,9502782640,2a$04$OpyryuMR6tT1t/CxJ43TbeMpOTE,10/11/2022,16/06/2021
ldarcon3@mozilla.org,8481033297,2a$04$b.oVHjgdhNaYnq.4iWxKfuBRG0Z,17/01/2023,21/07/2021
mcashmoren4@japanpost.jp,9545361092,2a$04$I6RyhbQurMTTcyXSyf3DQu8AMTD,22/11/2022,05/03/2022
zduckhousen5@samsung.com,9922088336,2a$04$ibbtSMF4TltNFjtABIBDxuGKBBj,20/07/2022,26/08/2021
rwilflingern6@pen.io,3741620010,2a$04$TrkSRGDF/SMadg8WPIUDN.6.ghL,21/04/2023,31/12/2020
skiljann7@yahoo.co.jp,2253779619,2a$04$cvkVpNHyvI1h06tUyJAPnux55Re,23/01/2023,07/03/2022
srebertn8@cafepress.com,7819292666,2a$04$0YvC7WUIlPJqEU8Aao0C0OrTXFe,06/06/2023,16/11/2021
cloiseaun9@accuweather.com,3597391422,2a$04$J7u7LClaAHgtRQmR7BGzt.92eZF,12/10/2022,15/06/2020
ospellessyna@sun.com,3076041208,2a$04$QVtNK/x428PS2ZH89atAyuDH7Zq,07/03/2023,19/11/2021
kmcquinnb@upenn.edu,4808406072,2a$04$AtkAJSjRQ5vIVc1IP0MYbuCt1Z6,24/08/2022,24/11/2021
omakivernc@google.fr,8295915596,2a$04$hZCY7BQ0AqYAgLlL4PClOuenKuI,22/09/2022,27/09/2021
fhastewellnd@cafepress.com,4603578886,2a$04$/DG7vxl55im4Uk8cTWUCce5mr7f,30/12/2022,02/06/2021
cconingne@wunderground.com,4151760389,2a$04$1x.Jnxxck1Nw67AKQBBaN.hwi58,25/06/2022,21/07/2020
pkillorannf@mail.ru,3865238758,2a$04$qnqtQeAQTGvTJ0T3SEa./O5OlCp,09/09/2022,06/11/2021
tdavidoung@wsj.com,1478756367,2a$04$xfV2iZx7ykJb3sC0igNqHuAuchL,07/06/2023,10/07/2020
alalondenh@bigcartel.com,7145555358,2a$04$7XK85yJYSmDunfdp9tSPNOp3OXR,10/10/2022,07/01/2022
akellardni@nps.gov,1892813945,2a$04$wbrZkW7J3cNlF82bghkVKe4/eBy,28/02/2023,13/01/2021
schessmannj@clickbank.net,5527311654,2a$04$86BXBHdYzmJlrCWNd5NdwOunKgZ,23/07/2022,26/01/2021
cpawlicknk@godaddy.com,3424423859,2a$04$SyW4pWFdM8os92F.d73WH.5T8Un,16/01/2023,24/07/2021
bghionl@t.co,1613173682,2a$04$j.1SP46L4hu/Ka1nZQFOneiA/R8,22/04/2023,25/07/2021
uwerndlynm@go.com,1727251885,2a$04$gkw/MqXE8VnFhZv8tYdx/ehJZ3H,25/02/2023,10/03/2022
abalmenn@marketwatch.com,3211838109,2a$04$mcTlhqneYrbipaD8ibww3uwEYob,21/07/2022,25/01/2022
smacwhirterno@csmonitor.com,4628831517,2a$04$HLFcuOVEfMTK/WHNdPvHTepvR4K,10/08/2022,13/04/2021
ahavicknp@nbcnews.com,3501373280,2a$04$7YTazPq86jT.HTUL5RI9q.fOe9D,27/01/2023,31/07/2021
gileynq@icq.com,7185219630,2a$04$1KunMo3zE0mNegVrPAkxEu8568j,01/11/2022,11/07/2020
bgabbitasnr@sakura.ne.jp,3602105610,2a$04$lLzGufggt4jfixySYkKscuwhLn2,21/10/2022,09/03/2021
lgoldfinchns@gov.uk,7377854836,2a$04$yEi7wvFCO/t4rwOj5n0wC.1e/EA,22/04/2023,09/01/2021
dpadberynt@ftc.gov,1127873587,2a$04$3mfAMHuzIvF4ziH5ypbxzOzyURP,02/02/2023,02/12/2021
gbearhamnu@rediff.com,9709638635,2a$04$3ulKPgJ04oK5u.XJLmrXBu/Uxmr,03/11/2022,02/06/2021
ccampionnv@icio.us,4134721917,2a$04$nBrO2yqLMhGALfp9OenJVuBdk0G,21/06/2022,17/09/2020
gnibleynw@boston.com,4462394634,2a$04$DbQ65ZNjkSx3JI.aHsvayeHdUrX,25/03/2023,21/09/2020
mkinahannx@last.fm,8126677288,2a$04$RPMAXXx3dFQl0tP0g/XrUOHNQ3X,07/03/2023,13/09/2021
tbartholomewny@pen.io,4806017422,2a$04$9dytZPLG39bokePtAZPSZO54IhL,01/02/2023,10/11/2020
tchellingworthnz@free.fr,2168500522,2a$04$UCnYRaMHjWjPSMneHOIW/uFB5AL,08/05/2023,04/01/2021
abloseo0@hubpages.com,6545096843,2a$04$aYLHHp8/yVBt9Tos/Z0ZseLzaEf,24/02/2023,15/10/2021
tseligsono1@addthis.com,3758847512,2a$04$tMWSKNhJu3.CdMzR4eyVwOd7YkM,13/11/2022,02/08/2020
enassauo2@instagram.com,2964219948,2a$04$iYtp4NiKACznFNhT/o3vmOw/hsh,16/02/2023,14/06/2021
difflando3@google.ru,2321374868,2a$04$SiyHXwOMsAFkXa8RBqV0kuG55Fd,25/09/2022,29/04/2022
tgravieo4@ning.com,2515911396,2a$04$.fpKsxpha4.KCnk/NN8nUeMbzNC,29/06/2022,02/08/2021
fmckerno5@rediff.com,5579474378,2a$04$tN.DBpRMJ/O0cmOkAEDE..cw9YL,15/05/2023,13/09/2021
ahumeo6@networksolutions.com,7668900911,2a$04$MqJvQb3aqZfui74wuV0lmOmU6Gh,17/03/2023,17/12/2020
gbendiko7@msn.com,7321172916,2a$04$eJtN7I14L2JoZjZ0oG2vaewMjAQ,11/02/2023,10/03/2022
vmitchamo8@canalblog.com,2745262401,2a$04$eqlGYGqV9QT4rIxBPjY3HO4WZnC,26/12/2022,30/09/2020
motyo9@w3.org,8193136623,2a$04$.XJ33EUd0eUqpaieA./b3.qM1V4,26/12/2022,09/12/2021
lackhurstoa@elegantthemes.com,6339710421,2a$04$J/GPChhWbB55DNNrt2QkHeXVVdS,11/11/2022,27/02/2022
jchallinob@ameblo.jp,7214219677,2a$04$AQuEqm/P.I/4XyTTyP/c.ODUbXU,02/10/2022,22/03/2021
agusneyoc@eventbrite.com,9308945719,2a$04$Z/9k8ur5WkhedaAYWxYzoO9BbZM,26/06/2022,20/01/2022
lraweod@techcrunch.com,2721831879,2a$04$frnRny8FoEj.bKKcceyRSe4ir8n,09/02/2023,09/02/2022
crillstoneoe@senate.gov,1798197361,2a$04$eE6.ocbsyJH/7oDQDzU3xuWZDeR,16/09/2022,21/04/2022
chelstromof@usatoday.com,5729944132,2a$04$Wb1VN/uUgbtaCbNDDsyriud8ccS,22/02/2023,22/04/2021
ebauldreyog@google.co.uk,6715339956,2a$04$qAUGezKdLCU57.ZbviPju.yE5rS,08/02/2023,05/04/2022
achilversoh@usgs.gov,3157607059,2a$04$OblhDl/uKSxadzaHtv4b4OpbcKX,05/10/2022,04/11/2020
amaccambridgeoi@gov.uk,3271969780,2a$04$91IVoUOcrCB2hAWiVZZ/IeqRb47,30/03/2023,06/11/2021
sdupeyoj@ihg.com,4197652042,2a$04$5fTOjherfgcwL.DCl9F7JuMqxIV,23/12/2022,14/03/2022
dyearnsok@abc.net.au,1267578524,2a$04$kSwxxo08K1EePTLnF/bhlOSa1ED,10/01/2023,22/06/2020
tmcdonnellol@networkadvertising.org,1201541852,2a$04$/0Al3RUqxB/bj6Ve25j3aubbBKj,30/08/2022,26/06/2021
emorbyom@youtu.be,3888020917,2a$04$LOLZQRPII1VqaNEDFtWkYOu1k9i,04/01/2023,30/08/2021
bchallenoron@hatena.ne.jp,1199560171,2a$04$7IDZWEK6Nq/ArtWKwOpwQ.l8fSp,12/10/2022,15/04/2021
iayrsoo@google.co.jp,6686101949,2a$04$XRMZKH8wu3CYs06AThyT8ONz6uE,27/09/2022,10/01/2021
ldeatheop@usnews.com,5223959300,2a$04$5cGRErqpj8Fm8A0/eBaDHuORh2s,02/02/2023,28/02/2021
rnealeyoq@uiuc.edu,7831403850,2a$04$eeL2pUIzFcP.zADv8DC.t.7gQY2,09/04/2023,15/07/2021
mthomeor@auda.org.au,5288449160,2a$04$BP.M7TwVT4P4gMxHx/mUpO8MoDY,27/06/2022,03/04/2022
plitchfieldos@msn.com,7748481349,2a$04$Lctn2ivakuPSVdg.SgphlurbKiI,14/11/2022,08/01/2022
dtookeot@topsy.com,2922807514,2a$04$vwkvJmgZZR.wmWo.gSFITu7MIJX,23/05/2023,09/02/2021
mhabbalou@go.com,6002563933,2a$04$5hq3vXVcBsnv6j03seMPr..qgdu,12/12/2022,27/01/2022
kbeasantov@columbia.edu,2954828305,2a$04$14eQFNZgWR1TRdfwORq82epJg2A,15/05/2023,29/05/2022
acampanaow@goo.gl,2232713114,2a$04$Z2hi411/e0lhFkF632MGo.1UYUX,26/02/2023,02/08/2021
jpettipherox@aboutads.info,9434794050,2a$04$juJ7qhnRbstNYxv5wuE6nehGBsX,21/03/2023,10/04/2022
atomaszekoy@ftc.gov,9913486295,2a$04$/SpiLtUFg2zTBGZCpV7oWe0Vrpr,07/07/2022,27/03/2021
cpechoz@amazon.com,4378403847,2a$04$lbjKfMdRc.0oySZ0G4qAvuzo2yr,09/03/2023,04/07/2020
cmcdillp0@fotki.com,3789163231,2a$04$blXJxxvtzT1ZY6pMxfPFBuZ.mx4,07/08/2022,18/02/2021
cingamellsp1@vinaora.com,1678366497,2a$04$mAyGxvV4kLoGoVGgsmGL8u0Hcld,22/12/2022,02/11/2021
fdawksp2@uiuc.edu,6966882993,2a$04$m56q38uUXtDfEG7A1dedzeMDxv6,08/09/2022,26/08/2021
dliptrodp3@netvibes.com,8796176417,2a$04$vxvgI4U4FEjCcUNUK5.Z0erbyVF,28/05/2023,31/12/2020
gcarlp4@stanford.edu,8456084938,2a$04$UdD86N/VQECGj/MFt2UXYeZIENJ,12/05/2023,25/09/2021
aeskrietp5@reference.com,5558850494,2a$04$bQ2LTDz5wbH25Wh0YkBFLuXEyse,27/06/2022,08/12/2020
eharrowellp6@woothemes.com,2494087107,2a$04$izqlE4c87g/CH/pbFFybmezF/yB,17/08/2022,20/05/2021
agibardp7@admin.ch,7403869770,2a$04$qBfqgfh9mcb5oVecoePyJujYwZY,21/10/2022,23/08/2020
ttitlowp8@alibaba.com,6176482990,2a$04$Qe3J8NxUUk/xE5InUWEVmex0Mtj,10/03/2023,15/06/2020
kklimusp9@so-net.ne.jp,1961659325,2a$04$THIpOib9stM/UjGaISdyfO.Qc7l,29/07/2022,02/05/2022
wsterrickerpa@shop-pro.jp,6188222770,2a$04$HMrnJjbY03IB8nrCVdYXEOPnGJd,20/11/2022,12/11/2021
lhallerpb@mashable.com,1291376970,2a$04$QHy/tcfVKdRCM/tMD1Mt4Oi9JtE,17/05/2023,01/09/2020
lodalypc@cisco.com,2289201604,2a$04$e1CDpwiTW1AeUSKD.RdcWubmq4K,02/12/2022,16/09/2021
kakesterpd@statcounter.com,1058305375,2a$04$vrJIbROWaNzoNwxNQFJqZeIJGwg,10/01/2023,24/09/2020
laylottpe@discuz.net,6303738888,2a$04$m9Y/SIQwK5iwry4ObnO9KuKe/ZM,21/10/2022,26/02/2022
athorsbypf@sitemeter.com,9869108346,2a$04$DdPqRosCOdLSGh.0ndG7d.wfyig,18/01/2023,28/12/2021
acleverleypg@un.org,3219300905,2a$04$e/YGYYYH.vl6C/BTbJuOiuvx0IM,29/08/2022,26/12/2020
emacarthurph@salon.com,2548518269,2a$04$5sUNtD8d1c2djLtcx2GlBO4Kvwa,04/10/2022,13/01/2022
cwaleworkpi@behance.net,3516978676,2a$04$qAPFeS51R/RxAxqxoCAG.utH4bU,27/06/2022,02/03/2022
gcrennellpj@msu.edu,4052836484,2a$04$jof/Qu1Vb5mWr0FmkQVwL.Ugg1A,20/10/2022,15/05/2021
jcareswellpk@biglobe.ne.jp,7837125387,2a$04$8AoLLVbtNQA3VaBhHKMzyODpgaL,06/05/2023,06/07/2020
lromipl@mayoclinic.com,6295847515,2a$04$RqKYqsxS3vYOuacipmwcI.659Bs,26/03/2023,31/08/2020
aallenderpm@infoseek.co.jp,6772985508,2a$04$jp8ovj4K4NFynO3f7vHAveSq/Hm,19/12/2022,23/11/2020
eowbrickpn@epa.gov,7252248456,2a$04$wk2OVRfbpIcyY/Fxj1P9k.sJFbV,10/07/2022,13/10/2020
dilyinskipo@flickr.com,1397169890,2a$04$EfAbOTnMCZdvI0QCgE6/H.SHQ4C,11/01/2023,13/04/2022
egrzegorzewskipp@hao123.com,6259087973,2a$04$r/RNshYJHwWBI3QPBgowPuSf/kB,13/02/2023,03/04/2021
bmunsonpq@msn.com,1996493064,2a$04$.RYxVewaEhbV8yVwQ2InuOnTmfS,25/06/2022,14/03/2021
jgelardipr@arstechnica.com,9378848841,2a$04$q3t8QAKGgH1d96OlBemXgOcgJpO,22/08/2022,06/07/2020
bsemourps@cdbaby.com,4598579922,2a$04$x/h5vKMvuflh1obbvVauBOAPuyv,17/10/2022,22/05/2021
ycurstonpt@cbsnews.com,7348164208,2a$04$Pf0meahb/.2XCXLFru2iNOE11sT,08/10/2022,01/01/2021
aaxstonpu@tinypic.com,8333210606,2a$04$1B6M4COnq24STBxQJF8F1uqIKNf,19/10/2022,18/12/2021
lmcnuttpv@fema.gov,9402999799,2a$04$hHzGMvjnmnA/MiJmfcm/cucCxV.,05/03/2023,11/12/2021
madamopw@cbslocal.com,7412475512,2a$04$XztHxZkDpl1EJHQMXLXNguTkiLg,14/11/2022,08/03/2021
cacumpx@ihg.com,6388312592,2a$04$QHUxiIjNIdtNMqy1T3JWquLFRqY,20/09/2022,10/07/2020
bbaguleypy@phpbb.com,3218534600,2a$04$sjfsGVDkENWFPmWaVusAJexnr8s,11/05/2023,19/12/2021
rmullinpz@businessinsider.com,2927854133,2a$04$uV2jrysh1sovKqBomMkZJOmDzRl,03/08/2022,26/05/2021
lnottq0@redcross.org,2558062518,2a$04$wBFl93evFmthqvMNPfPZCeHAN/E,12/10/2022,21/10/2020
jrojahnq1@macromedia.com,3454767706,2a$04$P0lh9Srl8pQq.vAZafyVT.lnZAU,01/07/2022,07/09/2020
adaughertyq2@hexun.com,3841149870,2a$04$vIXaLRvTmUtnmbErLThNjeXP2gM,12/01/2023,16/03/2021
waddicoteq3@sciencedirect.com,5133863513,2a$04$wlLOYmHsnMQQd8etGgI5ae2VrPK,10/01/2023,14/06/2021
lrowdenq4@freewebs.com,9841664717,2a$04$BKs7xb/J.E5dqXBt/084J.JRsNy,04/04/2023,14/01/2021
hmathelinq5@ca.gov,3137990210,2a$04$zqqHDP2FK5KmiRkEaBlIP.pYRo7,05/03/2023,24/09/2020
tbrotherhoodq6@boston.com,4265997043,2a$04$9QxiObr2tey0U3EVH./dcuyn1Hb,22/03/2023,23/10/2021
fbuteq7@google.com.hk,7928704179,2a$04$PKdwVHwrn7VUOOZ5lBoSL.IkYUD,14/03/2023,12/07/2021
hmartineq8@wix.com,1234990221,2a$04$gzEFx.nbth5176O6JW/Te.TnKQO,06/05/2023,14/09/2021
despinhaq9@unesco.org,4101047633,2a$04$TFumvELVf8NF5j3E15hwbOhWLYr,29/05/2023,28/03/2022
caronoffqa@huffingtonpost.com,7127514769,2a$04$2KlsEsDpvU4m7skGX8341uOrhRK,03/09/2022,06/04/2021
ccrowsonqb@dedecms.com,9773139597,2a$04$HoeSrfSMVklUH2TaVR981.3W4Rp,04/09/2022,17/11/2021
lbraidwoodqc@loc.gov,7343268549,2a$04$lieRAaZfXpBKo1yBkonuze97Trv,09/05/2023,12/04/2022
sprangerqd@examiner.com,9867855755,2a$04$FoWaPNOC.bQJazt4Io1DV.urSCX,20/08/2022,27/06/2020
aconnoldqe@about.com,5106003978,2a$04$P3J0d7j3JofgNqJ1hq7XnOpkF/h,24/09/2022,20/03/2021
ewellenqf@nhs.uk,1955234147,2a$04$IfWVKVeTWeobJ35O/dLF8.yHmZs,17/09/2022,04/02/2022
abyerqg@microsoft.com,3115806821,2a$04$xtOGvLJsVFAGO92d2HhDVOPL.Fa,22/03/2023,04/09/2021
skerbyqh@ycombinator.com,2596802642,2a$04$9hhaZLKplRMPhj6nzq1x5OC9ULw,21/10/2022,16/04/2021
dswinfonqi@paginegialle.it,2844263194,2a$04$mrSRQ.ffV2Ya6LpxLQN4Ku48xGA,16/11/2022,11/11/2020
edomokosqj@psu.edu,7806608893,2a$04$RAwqkg6Sr3v7due7TJ/j8eshj2x,20/09/2022,14/08/2020
akivelhanqk@ameblo.jp,1595601025,2a$04$qWhRGfm9Ga7TVI63bOZRt.h/Nlx,30/01/2023,09/03/2021
muwinsql@barnesandnoble.com,9395645660,2a$04$/ubPe4JxJE/jkpc30QiNcOpqwZQ,18/04/2023,08/11/2020
kpreqm@phpbb.com,6411450092,2a$04$gAWfir9dA/hA4nMvBci8KeC7hxL,04/04/2023,25/10/2020
ccampioneqn@discuz.net,3854556577,2a$04$zpO9E3OyFIT2QE.n6MU47eXg/94,17/02/2023,03/11/2020
rduffillqo@imdb.com,7363752122,2a$04$GQuoXPcH8e3tON1FatZoQ.md3Mw,21/09/2022,11/11/2021
abilbreyqp@businessweek.com,6021618405,2a$04$Qo04oKvszmWrdkjZWMCocOqvqHX,29/06/2022,02/05/2022
cbehnkeqq@imageshack.us,6592566446,2a$04$BjcPy.OKKUyvkWZLFy9ANOIYPvv,07/03/2023,23/04/2022
vcracknellqr@istockphoto.com,1404105146,2a$04$rOrtE1vljaJutvZ2xFI1a.aIeux,15/06/2022,04/09/2020
bdanceqs@indiegogo.com,4078615028,2a$04$bcOMPWIcsYKyjE5sMQQHxO5/ZDD,22/12/2022,12/12/2020
acrammyqt@google.ru,4204907754,2a$04$YiImvFCgbvMFIO2tbB9QAuMcUz2,27/12/2022,23/05/2022
welionqu@indiatimes.com,3477201832,2a$04$hnFXhCZdGjhJmGvSTJOc9OHYaa5,31/12/2022,10/07/2020
vjasperqv@pbs.org,3824452487,2a$04$XyeJ9fCPK41tlbpnfsSiG.owrmd,12/03/2023,22/08/2020
rmolinesqw@etsy.com,3871006434,2a$04$kve46Hi4KZbfuipp41yMJOTo7r/,25/07/2022,18/06/2020
npaviourqx@cmu.edu,3575739495,2a$04$Ahn8KuqpSFhopEqA1XUv/eChv57,24/10/2022,11/07/2020
bvizorqy@xing.com,4359220969,2a$04$vSwOV2W9aEGDQbXB6KbTseGxfOq,29/03/2023,25/07/2021
lprobbingsqz@marriott.com,9487666736,2a$04$RtDnrfS51J1YS4oHJL/SrOIn.PK,06/05/2023,04/01/2022
fstennetr0@ox.ac.uk,3544579659,2a$04$Xytr3Kv8uBoI7cdZhUCIFO7gaiu,10/02/2023,14/09/2021
ddonanr1@npr.org,4424966818,2a$04$1zM9.wNWmBd9a7U8ISsi3uoyBa6,22/09/2022,16/09/2020
cbeumantr2@yelp.com,9147704849,2a$04$mtMmx7VLvFEKIyKoNgpPG.heTPI,11/02/2023,14/05/2021
ibrayfieldr3@google.nl,7556247186,2a$04$ReqkkAw7rnCwPKAzf7iA1OfqUXT,26/05/2023,20/12/2021
mwanjekr4@google.ca,8479355179,2a$04$CJrmaHrZWQpbEubpNZaM.OF5Bay,03/07/2022,22/05/2021
gshellidayr5@accuweather.com,5888211739,2a$04$B6XzjKNQHpNUSrbgcZ448uEsZ9U,01/02/2023,21/10/2020
kthomkinsr6@webeden.co.uk,5736486167,2a$04$6zjEYvJNVnGIioihp92xSu6o2iZ,09/10/2022,14/11/2020
ppleassr7@disqus.com,9178502282,2a$04$RIJMTx5Z0ZVN2vd5IIMSk.rPwJ.,31/12/2022,02/06/2021
kgherarduccir8@fema.gov,3987527687,2a$04$PNQYH2Ud3ZO4yXo9ygrg5OAcRvs,18/12/2022,04/02/2022
ugaynesr9@state.tx.us,2083094852,2a$04$w.sGIIHg8J2fNNqPAAiA0OLg62F,22/08/2022,25/07/2020
gfoynesra@stanford.edu,1845314024,2a$04$b3jrmX8X0pwksM9wrws9O.Hduqr,10/10/2022,03/06/2022
gpurkisrb@buzzfeed.com,2937888622,2a$04$bzIjydGBgt516Xv32qXd5egEo0a,18/08/2022,05/01/2021
cstorksrc@delicious.com,9043617965,2a$04$MAZzeo9zkQEuhTaoP8O.puclL3k,27/09/2022,17/04/2021
aleffekrd@google.com.br,5737581865,2a$04$GSEVCLyLikccTowcarUvj.u.hBt,11/07/2022,12/04/2021
mrubbensre@va.gov,3593708872,2a$04$B2PUlhuzsPFVyd4Xy/330OoKH6j,31/07/2022,21/03/2021
nsegorf@hugedomains.com,2159017458,2a$04$2goFRcVRBsYG6OLUYzruvOtcW6t,23/03/2023,06/03/2021
gpeyzerrg@nyu.edu,9635627882,2a$04$FM0uxHhLENoTaMvr1y5MheOe3cx,11/07/2022,22/03/2022
tdybellrh@nationalgeographic.com,5401550842,2a$04$Gy4sfGIim0LPVo0BeI/I3.7LACo,18/06/2022,20/08/2021
sdepietriri@shinystat.com,6382473767,2a$04$8rhqiO42kw8fhAVqv3lDCeFl5UT,28/07/2022,04/12/2021
froosrj@ucla.edu,8263697855,2a$04$geanWU1vE7t.5EDuMk68MendHtq,13/08/2022,05/02/2021
acremerrk@who.int,7891932761,2a$04$X3UaRQSSMMmWykBJYm1/uOII90b,18/06/2022,08/12/2020
cshortorl@posterous.com,3466380576,2a$04$XNrES7CsfvC6axS1Qs4DDelGru0,01/11/2022,21/09/2020
hadiscotrm@sina.com.cn,3228740266,2a$04$EpCLFk/xtn5lZFo1aosy5.foWSg,20/09/2022,24/11/2021
abreedern@wsj.com,5867617670,2a$04$mTejX4I4qHnfKVwVJygYK.DThtP,23/07/2022,27/07/2021
zverlanderro@apache.org,7157389916,2a$04$ucUIRhxoxulHkZTojj9ezeYQkci,02/02/2023,07/07/2020
avickeryrp@berkeley.edu,6994241695,2a$04$c09edbGbM7Gk5pr55Lr.De.PYcq,11/03/2023,31/01/2021
tbennoerq@ibm.com,8701429218,2a$04$zlYK88ShCjq86UymgbB4V.US4dX,18/06/2022,30/07/2021
dkellertrr@answers.com,7459300997,2a$04$Z488Df7/fGJXY8ikaDOBO.zk5vo,30/12/2022,06/09/2021
